country_region_code,country_region,sub_region_1,sub_region_2,metro_area,iso_3166_2_code,census_fips_code,place_id,date,retail_and_recreation_percent_change_from_baseline,grocery_and_pharmacy_percent_change_from_baseline,parks_percent_change_from_baseline,transit_stations_percent_change_from_baseline,workplaces_percent_change_from_baseline,residential_percent_change_from_baseline
SG,Singapore,,,,,,ChIJdZOLiiMR2jERxPWrUs9peIg,1/1/21,-25,3,-36,-46,-72,35
SG,Singapore,,,,,,ChIJdZOLiiMR2jERxPWrUs9peIg,2/1/21,-20,1,-50,-30,-4,14
SG,Singapore,,,,,,ChIJdZOLiiMR2jERxPWrUs9peIg,3/1/21,-14,5,-26,-26,4,10
SG,Singapore,,,,,,ChIJdZOLiiMR2jERxPWrUs9peIg,4/1/21,-14,13,-17,-26,-19,14
SG,Singapore,,,,,,ChIJdZOLiiMR2jERxPWrUs9peIg,5/1/21,-18,5,-11,-26,-18,13
SG,Singapore,,,,,,ChIJdZOLiiMR2jERxPWrUs9peIg,6/1/21,-19,-2,-15,-25,-17,14
SG,Singapore,,,,,,ChIJdZOLiiMR2jERxPWrUs9peIg,7/1/21,-21,-1,-25,-23,-18,13
SG,Singapore,,,,,,ChIJdZOLiiMR2jERxPWrUs9peIg,8/1/21,-17,3,-30,-23,-13,15
SG,Singapore,,,,,,ChIJdZOLiiMR2jERxPWrUs9peIg,9/1/21,-12,10,-31,-20,5,9
SG,Singapore,,,,,,ChIJdZOLiiMR2jERxPWrUs9peIg,10/1/21,-22,-5,-56,-31,3,12
SG,Singapore,,,,,,ChIJdZOLiiMR2jERxPWrUs9peIg,11/1/21,-17,10,-29,-25,-16,13
SG,Singapore,,,,,,ChIJdZOLiiMR2jERxPWrUs9peIg,12/1/21,-19,4,-30,-25,-17,13
SG,Singapore,,,,,,ChIJdZOLiiMR2jERxPWrUs9peIg,13/1/21,-19,-1,-24,-25,-16,12
SG,Singapore,,,,,,ChIJdZOLiiMR2jERxPWrUs9peIg,14/1/21,-21,-5,-20,-23,-18,12
SG,Singapore,,,,,,ChIJdZOLiiMR2jERxPWrUs9peIg,15/1/21,-17,-1,-21,-23,-14,13
SG,Singapore,,,,,,ChIJdZOLiiMR2jERxPWrUs9peIg,16/1/21,-10,8,-8,-18,1,7
SG,Singapore,,,,,,ChIJdZOLiiMR2jERxPWrUs9peIg,17/1/21,-13,2,-4,-24,3,7
SG,Singapore,,,,,,ChIJdZOLiiMR2jERxPWrUs9peIg,18/1/21,-19,0,-18,-26,-17,12
SG,Singapore,,,,,,ChIJdZOLiiMR2jERxPWrUs9peIg,19/1/21,-20,-2,-17,-26,-17,11
SG,Singapore,,,,,,ChIJdZOLiiMR2jERxPWrUs9peIg,20/1/21,-20,-7,-17,-25,-16,12
SG,Singapore,,,,,,ChIJdZOLiiMR2jERxPWrUs9peIg,21/1/21,-22,-8,-27,-23,-17,12
SG,Singapore,,,,,,ChIJdZOLiiMR2jERxPWrUs9peIg,22/1/21,-17,-1,-27,-24,-13,14
SG,Singapore,,,,,,ChIJdZOLiiMR2jERxPWrUs9peIg,23/1/21,-12,7,-23,-20,2,8
SG,Singapore,,,,,,ChIJdZOLiiMR2jERxPWrUs9peIg,24/1/21,-13,2,-11,-24,4,8
SG,Singapore,,,,,,ChIJdZOLiiMR2jERxPWrUs9peIg,25/1/21,-18,1,-25,-26,-16,12
SG,Singapore,,,,,,ChIJdZOLiiMR2jERxPWrUs9peIg,26/1/21,-18,2,-18,-26,-16,11
SG,Singapore,,,,,,ChIJdZOLiiMR2jERxPWrUs9peIg,27/1/21,-20,-7,-23,-26,-15,12
SG,Singapore,,,,,,ChIJdZOLiiMR2jERxPWrUs9peIg,28/1/21,-20,-6,-24,-23,-16,12
SG,Singapore,,,,,,ChIJdZOLiiMR2jERxPWrUs9peIg,29/1/21,-14,3,-20,-22,-11,13
SG,Singapore,,,,,,ChIJdZOLiiMR2jERxPWrUs9peIg,30/1/21,-7,14,-8,-18,4,6
SG,Singapore,,,,,,ChIJdZOLiiMR2jERxPWrUs9peIg,31/1/21,-10,8,-10,-23,6,7
SG,Singapore,,,,,,ChIJdZOLiiMR2jERxPWrUs9peIg,1/2/21,-16,8,-20,-26,-15,11
SG,Singapore,,,,,,ChIJdZOLiiMR2jERxPWrUs9peIg,2/2/21,-16,6,-17,-25,-15,11
SG,Singapore,,,,,,ChIJdZOLiiMR2jERxPWrUs9peIg,3/2/21,-18,-1,-20,-24,-14,12
SG,Singapore,,,,,,ChIJdZOLiiMR2jERxPWrUs9peIg,4/2/21,-17,4,-19,-22,-15,11
SG,Singapore,,,,,,ChIJdZOLiiMR2jERxPWrUs9peIg,5/2/21,-13,11,-21,-21,-11,13
SG,Singapore,,,,,,ChIJdZOLiiMR2jERxPWrUs9peIg,6/2/21,-9,18,-13,-17,4,7
SG,Singapore,,,,,,ChIJdZOLiiMR2jERxPWrUs9peIg,7/2/21,-10,12,-11,-21,7,7
SG,Singapore,,,,,,ChIJdZOLiiMR2jERxPWrUs9peIg,8/2/21,-12,18,-21,-23,-14,11
SG,Singapore,,,,,,ChIJdZOLiiMR2jERxPWrUs9peIg,9/2/21,-13,18,-22,-22,-14,10
SG,Singapore,,,,,,ChIJdZOLiiMR2jERxPWrUs9peIg,10/2/21,-10,25,-23,-20,-17,11
SG,Singapore,,,,,,ChIJdZOLiiMR2jERxPWrUs9peIg,11/2/21,-21,15,-19,-27,-43,20
SG,Singapore,,,,,,ChIJdZOLiiMR2jERxPWrUs9peIg,12/2/21,-43,-29,1,-49,-79,34
SG,Singapore,,,,,,ChIJdZOLiiMR2jERxPWrUs9peIg,13/2/21,-31,-12,-6,-35,-50,15
SG,Singapore,,,,,,ChIJdZOLiiMR2jERxPWrUs9peIg,14/2/21,-15,-8,4,-22,-15,8
SG,Singapore,,,,,,ChIJdZOLiiMR2jERxPWrUs9peIg,15/2/21,-10,10,-1,-31,-41,19
SG,Singapore,,,,,,ChIJdZOLiiMR2jERxPWrUs9peIg,16/2/21,-18,1,-14,-26,-21,14
SG,Singapore,,,,,,ChIJdZOLiiMR2jERxPWrUs9peIg,17/2/21,-19,-6,-18,-24,-16,14
SG,Singapore,,,,,,ChIJdZOLiiMR2jERxPWrUs9peIg,18/2/21,-19,-2,-20,-22,-16,13
SG,Singapore,,,,,,ChIJdZOLiiMR2jERxPWrUs9peIg,19/2/21,-15,2,-20,-22,-12,14
SG,Singapore,,,,,,ChIJdZOLiiMR2jERxPWrUs9peIg,20/2/21,-11,7,-9,-17,1,7
SG,Singapore,,,,,,ChIJdZOLiiMR2jERxPWrUs9peIg,21/2/21,-14,-1,-4,-21,3,8
SG,Singapore,,,,,,ChIJdZOLiiMR2jERxPWrUs9peIg,22/2/21,-17,0,-20,-24,-14,13
SG,Singapore,,,,,,ChIJdZOLiiMR2jERxPWrUs9peIg,23/2/21,-17,0,-16,-24,-14,12
SG,Singapore,,,,,,ChIJdZOLiiMR2jERxPWrUs9peIg,24/2/21,-18,-6,-22,-23,-13,13
SG,Singapore,,,,,,ChIJdZOLiiMR2jERxPWrUs9peIg,25/2/21,-17,2,-21,-20,-14,12
SG,Singapore,,,,,,ChIJdZOLiiMR2jERxPWrUs9peIg,26/2/21,-13,8,-19,-19,-11,14
SG,Singapore,,,,,,ChIJdZOLiiMR2jERxPWrUs9peIg,27/2/21,-8,10,-5,-15,3,8
SG,Singapore,,,,,,ChIJdZOLiiMR2jERxPWrUs9peIg,28/2/21,-10,3,-1,-19,5,8
SG,Singapore,,,,,,ChIJdZOLiiMR2jERxPWrUs9peIg,1/3/21,-15,3,-19,-23,-14,13
SG,Singapore,,,,,,ChIJdZOLiiMR2jERxPWrUs9peIg,2/3/21,-15,2,-14,-23,-14,12
SG,Singapore,,,,,,ChIJdZOLiiMR2jERxPWrUs9peIg,3/3/21,-17,-4,-16,-22,-14,13
SG,Singapore,,,,,,ChIJdZOLiiMR2jERxPWrUs9peIg,4/3/21,-18,-2,-17,-21,-15,12
SG,Singapore,,,,,,ChIJdZOLiiMR2jERxPWrUs9peIg,5/3/21,-12,5,-17,-20,-11,14
SG,Singapore,,,,,,ChIJdZOLiiMR2jERxPWrUs9peIg,6/3/21,-7,12,-3,-14,3,7
SG,Singapore,,,,,,ChIJdZOLiiMR2jERxPWrUs9peIg,7/3/21,-12,0,-20,-21,3,9
SG,Singapore,,,,,,ChIJdZOLiiMR2jERxPWrUs9peIg,8/3/21,-13,8,-16,-23,-14,12
SG,Singapore,,,,,,ChIJdZOLiiMR2jERxPWrUs9peIg,9/3/21,-15,4,-12,-23,-14,12
SG,Singapore,,,,,,ChIJdZOLiiMR2jERxPWrUs9peIg,10/3/21,-16,-2,-15,-22,-13,13
SG,Singapore,,,,,,ChIJdZOLiiMR2jERxPWrUs9peIg,11/3/21,-17,0,-14,-20,-14,12
SG,Singapore,,,,,,ChIJdZOLiiMR2jERxPWrUs9peIg,12/3/21,-12,5,-21,-20,-12,14
SG,Singapore,,,,,,ChIJdZOLiiMR2jERxPWrUs9peIg,13/3/21,-7,9,-12,-15,2,8
SG,Singapore,,,,,,ChIJdZOLiiMR2jERxPWrUs9peIg,14/3/21,-8,4,6,-17,4,7
SG,Singapore,,,,,,ChIJdZOLiiMR2jERxPWrUs9peIg,15/3/21,-10,5,-7,-24,-21,14
SG,Singapore,,,,,,ChIJdZOLiiMR2jERxPWrUs9peIg,16/3/21,-11,2,-3,-23,-20,13
SG,Singapore,,,,,,ChIJdZOLiiMR2jERxPWrUs9peIg,17/3/21,-14,-5,-15,-23,-20,14
SG,Singapore,,,,,,ChIJdZOLiiMR2jERxPWrUs9peIg,18/3/21,-14,0,-9,-21,-22,14
SG,Singapore,,,,,,ChIJdZOLiiMR2jERxPWrUs9peIg,19/3/21,-9,5,-7,-21,-19,16
SG,Singapore,,,,,,ChIJdZOLiiMR2jERxPWrUs9peIg,20/3/21,-7,11,-2,-14,2,7
SG,Singapore,,,,,,ChIJdZOLiiMR2jERxPWrUs9peIg,21/3/21,-11,2,-2,-19,4,8
SG,Singapore,,,,,,ChIJdZOLiiMR2jERxPWrUs9peIg,22/3/21,-14,5,-17,-23,-13,13
SG,Singapore,,,,,,ChIJdZOLiiMR2jERxPWrUs9peIg,23/3/21,-16,0,-22,-23,-13,12
SG,Singapore,,,,,,ChIJdZOLiiMR2jERxPWrUs9peIg,24/3/21,-18,-6,-29,-22,-13,13
SG,Singapore,,,,,,ChIJdZOLiiMR2jERxPWrUs9peIg,25/3/21,-16,1,-21,-19,-14,12
SG,Singapore,,,,,,ChIJdZOLiiMR2jERxPWrUs9peIg,26/3/21,-10,9,-14,-18,-10,13
SG,Singapore,,,,,,ChIJdZOLiiMR2jERxPWrUs9peIg,27/3/21,-6,12,-6,-12,4,7
SG,Singapore,,,,,,ChIJdZOLiiMR2jERxPWrUs9peIg,28/3/21,-8,5,4,-16,4,7
SG,Singapore,,,,,,ChIJdZOLiiMR2jERxPWrUs9peIg,29/3/21,-14,5,-22,-22,-14,13
SG,Singapore,,,,,,ChIJdZOLiiMR2jERxPWrUs9peIg,30/3/21,-13,7,-14,-21,-13,11
SG,Singapore,,,,,,ChIJdZOLiiMR2jERxPWrUs9peIg,31/3/21,-13,1,-19,-19,-13,12
SG,Singapore,,,,,,ChIJdZOLiiMR2jERxPWrUs9peIg,1/4/21,-7,11,-5,-14,-14,9
SG,Singapore,,,,,,ChIJdZOLiiMR2jERxPWrUs9peIg,2/4/21,-8,19,16,-31,-68,30
SG,Singapore,,,,,,ChIJdZOLiiMR2jERxPWrUs9peIg,3/4/21,-7,13,-15,-14,1,8
SG,Singapore,,,,,,ChIJdZOLiiMR2jERxPWrUs9peIg,4/4/21,-11,3,-10,-19,3,8
SG,Singapore,,,,,,ChIJdZOLiiMR2jERxPWrUs9peIg,5/4/21,-14,5,-28,-22,-13,12
SG,Singapore,,,,,,ChIJdZOLiiMR2jERxPWrUs9peIg,6/4/21,-14,6,-17,-21,-12,11
SG,Singapore,,,,,,ChIJdZOLiiMR2jERxPWrUs9peIg,7/4/21,-15,0,-19,-19,-12,12
SG,Singapore,,,,,,ChIJdZOLiiMR2jERxPWrUs9peIg,8/4/21,-15,1,-21,-17,-12,11
SG,Singapore,,,,,,ChIJdZOLiiMR2jERxPWrUs9peIg,9/4/21,-11,5,-21,-18,-9,13
SG,Singapore,,,,,,ChIJdZOLiiMR2jERxPWrUs9peIg,10/4/21,-3,16,-2,-12,4,7
SG,Singapore,,,,,,ChIJdZOLiiMR2jERxPWrUs9peIg,11/4/21,-6,10,3,-15,4,7
SG,Singapore,,,,,,ChIJdZOLiiMR2jERxPWrUs9peIg,12/4/21,-12,12,-23,-20,-11,11
SG,Singapore,,,,,,ChIJdZOLiiMR2jERxPWrUs9peIg,13/4/21,-18,7,-20,-21,-12,12
SG,Singapore,,,,,,ChIJdZOLiiMR2jERxPWrUs9peIg,14/4/21,-18,-1,-22,-20,-11,12
SG,Singapore,,,,,,ChIJdZOLiiMR2jERxPWrUs9peIg,15/4/21,-20,-5,-32,-19,-11,12
SG,Singapore,,,,,,ChIJdZOLiiMR2jERxPWrUs9peIg,16/4/21,-13,5,-23,-18,-8,14
SG,Singapore,,,,,,ChIJdZOLiiMR2jERxPWrUs9peIg,17/4/21,-12,6,-32,-18,3,10
SG,Singapore,,,,,,ChIJdZOLiiMR2jERxPWrUs9peIg,18/4/21,-11,5,-14,-19,5,9
SG,Singapore,,,,,,ChIJdZOLiiMR2jERxPWrUs9peIg,19/4/21,-15,7,-21,-19,-10,12
SG,Singapore,,,,,,ChIJdZOLiiMR2jERxPWrUs9peIg,20/4/21,-15,5,-18,-19,-10,11
SG,Singapore,,,,,,ChIJdZOLiiMR2jERxPWrUs9peIg,21/4/21,-16,-1,-20,-19,-10,12
SG,Singapore,,,,,,ChIJdZOLiiMR2jERxPWrUs9peIg,22/4/21,-17,3,-24,-18,-10,12
SG,Singapore,,,,,,ChIJdZOLiiMR2jERxPWrUs9peIg,23/4/21,-12,9,-19,-17,-7,13
SG,Singapore,,,,,,ChIJdZOLiiMR2jERxPWrUs9peIg,24/4/21,-8,14,-25,-16,3,9
SG,Singapore,,,,,,ChIJdZOLiiMR2jERxPWrUs9peIg,25/4/21,-9,11,-7,-19,5,8
SG,Singapore,,,,,,ChIJdZOLiiMR2jERxPWrUs9peIg,26/4/21,-16,6,-27,-21,-10,12
SG,Singapore,,,,,,ChIJdZOLiiMR2jERxPWrUs9peIg,27/4/21,-16,6,-16,-19,-9,11
SG,Singapore,,,,,,ChIJdZOLiiMR2jERxPWrUs9peIg,28/4/21,-16,-1,-20,-17,-9,12
SG,Singapore,,,,,,ChIJdZOLiiMR2jERxPWrUs9peIg,29/4/21,-15,2,-21,-15,-10,11
SG,Singapore,,,,,,ChIJdZOLiiMR2jERxPWrUs9peIg,30/4/21,-9,11,-20,-14,-7,13
SG,Singapore,,,,,,ChIJdZOLiiMR2jERxPWrUs9peIg,1/5/21,-11,16,-10,-20,-30,14
SG,Singapore,,,,,,ChIJdZOLiiMR2jERxPWrUs9peIg,2/5/21,-11,6,-8,-19,2,9
SG,Singapore,,,,,,ChIJdZOLiiMR2jERxPWrUs9peIg,3/5/21,-10,14,-10,-25,-29,17
SG,Singapore,,,,,,ChIJdZOLiiMR2jERxPWrUs9peIg,4/5/21,-17,6,-18,-20,-12,13
SG,Singapore,,,,,,ChIJdZOLiiMR2jERxPWrUs9peIg,5/5/21,-19,-2,-24,-21,-13,14
SG,Singapore,,,,,,ChIJdZOLiiMR2jERxPWrUs9peIg,6/5/21,-19,3,-21,-19,-14,13
SG,Singapore,,,,,,ChIJdZOLiiMR2jERxPWrUs9peIg,7/5/21,-13,9,-22,-18,-10,15
SG,Singapore,,,,,,ChIJdZOLiiMR2jERxPWrUs9peIg,8/5/21,-10,16,-24,-17,2,10
SG,Singapore,,,,,,ChIJdZOLiiMR2jERxPWrUs9peIg,9/5/21,-12,8,-18,-22,3,10
SG,Singapore,,,,,,ChIJdZOLiiMR2jERxPWrUs9peIg,10/5/21,-16,11,-18,-23,-15,15
SG,Singapore,,,,,,ChIJdZOLiiMR2jERxPWrUs9peIg,11/5/21,-16,11,-17,-22,-16,14
SG,Singapore,,,,,,ChIJdZOLiiMR2jERxPWrUs9peIg,12/5/21,-13,9,-15,-20,-19,15
SG,Singapore,,,,,,ChIJdZOLiiMR2jERxPWrUs9peIg,13/5/21,-20,10,11,-39,-73,31
SG,Singapore,,,,,,ChIJdZOLiiMR2jERxPWrUs9peIg,14/5/21,-15,12,-23,-23,-21,19
SG,Singapore,,,,,,ChIJdZOLiiMR2jERxPWrUs9peIg,15/5/21,-13,13,-23,-21,-3,11
SG,Singapore,,,,,,ChIJdZOLiiMR2jERxPWrUs9peIg,16/5/21,-44,-7,-30,-42,-9,18
SG,Singapore,,,,,,ChIJdZOLiiMR2jERxPWrUs9peIg,17/5/21,-40,-2,-30,-34,-26,22
SG,Singapore,,,,,,ChIJdZOLiiMR2jERxPWrUs9peIg,18/5/21,-42,-4,-28,-36,-28,23
SG,Singapore,,,,,,ChIJdZOLiiMR2jERxPWrUs9peIg,19/5/21,-44,-10,-27,-40,-36,27
SG,Singapore,,,,,,ChIJdZOLiiMR2jERxPWrUs9peIg,20/5/21,-44,-6,-26,-43,-37,26
SG,Singapore,,,,,,ChIJdZOLiiMR2jERxPWrUs9peIg,21/5/21,-45,-7,-37,-43,-33,30
SG,Singapore,,,,,,ChIJdZOLiiMR2jERxPWrUs9peIg,22/5/21,-41,2,-29,-40,-8,19
SG,Singapore,,,,,,ChIJdZOLiiMR2jERxPWrUs9peIg,23/5/21,-45,-8,-24,-46,-10,18
SG,Singapore,,,,,,ChIJdZOLiiMR2jERxPWrUs9peIg,24/5/21,-41,-2,-25,-42,-36,26
SG,Singapore,,,,,,ChIJdZOLiiMR2jERxPWrUs9peIg,25/5/21,-40,1,-14,-41,-36,24
SG,Singapore,,,,,,ChIJdZOLiiMR2jERxPWrUs9peIg,26/5/21,-43,1,6,-55,-73,39
SG,Singapore,,,,,,ChIJdZOLiiMR2jERxPWrUs9peIg,27/5/21,-45,-11,-27,-41,-36,26
SG,Singapore,,,,,,ChIJdZOLiiMR2jERxPWrUs9peIg,28/5/21,-42,-3,-25,-41,-32,29
SG,Singapore,,,,,,ChIJdZOLiiMR2jERxPWrUs9peIg,29/5/21,-39,3,-22,-38,-4,18
SG,Singapore,,,,,,ChIJdZOLiiMR2jERxPWrUs9peIg,30/5/21,-42,-5,-18,-44,-4,18
SG,Singapore,,,,,,ChIJdZOLiiMR2jERxPWrUs9peIg,31/5/21,-38,0,-21,-40,-34,25
SG,Singapore,,,,,,ChIJdZOLiiMR2jERxPWrUs9peIg,1/6/21,-39,0,-15,-40,-34,25
SG,Singapore,,,,,,ChIJdZOLiiMR2jERxPWrUs9peIg,2/6/21,-42,-9,-22,-41,-35,26
SG,Singapore,,,,,,ChIJdZOLiiMR2jERxPWrUs9peIg,3/6/21,-42,-4,-20,-39,-35,26
SG,Singapore,,,,,,ChIJdZOLiiMR2jERxPWrUs9peIg,4/6/21,-41,-1,-25,-40,-31,29
SG,Singapore,,,,,,ChIJdZOLiiMR2jERxPWrUs9peIg,5/6/21,-37,6,-17,-35,-4,18
SG,Singapore,,,,,,ChIJdZOLiiMR2jERxPWrUs9peIg,6/6/21,-40,-3,-12,-41,-4,17
SG,Singapore,,,,,,ChIJdZOLiiMR2jERxPWrUs9peIg,7/6/21,-39,-1,-20,-40,-34,25
SG,Singapore,,,,,,ChIJdZOLiiMR2jERxPWrUs9peIg,8/6/21,-39,2,-10,-39,-34,25
SG,Singapore,,,,,,ChIJdZOLiiMR2jERxPWrUs9peIg,9/6/21,-40,-3,-13,-39,-34,25
SG,Singapore,,,,,,ChIJdZOLiiMR2jERxPWrUs9peIg,10/6/21,-42,-5,-26,-38,-34,25
SG,Singapore,,,,,,ChIJdZOLiiMR2jERxPWrUs9peIg,11/6/21,-39,1,-18,-38,-31,28
SG,Singapore,,,,,,ChIJdZOLiiMR2jERxPWrUs9peIg,12/6/21,-36,6,-15,-34,-3,17
SG,Singapore,,,,,,ChIJdZOLiiMR2jERxPWrUs9peIg,13/6/21,-38,-1,-8,-39,-3,16
SG,Singapore,,,,,,ChIJdZOLiiMR2jERxPWrUs9peIg,14/6/21,-37,1,-12,-38,-33,23
SG,Singapore,,,,,,ChIJdZOLiiMR2jERxPWrUs9peIg,15/6/21,-38,-2,-16,-38,-33,24
SG,Singapore,,,,,,ChIJdZOLiiMR2jERxPWrUs9peIg,16/6/21,-37,-5,-7,-37,-33,24
SG,Singapore,,,,,,ChIJdZOLiiMR2jERxPWrUs9peIg,17/6/21,-39,-4,-13,-36,-34,23
SG,Singapore,,,,,,ChIJdZOLiiMR2jERxPWrUs9peIg,18/6/21,-39,-3,-26,-38,-30,27
SG,Singapore,,,,,,ChIJdZOLiiMR2jERxPWrUs9peIg,19/6/21,-34,5,-15,-32,-2,15
SG,Singapore,,,,,,ChIJdZOLiiMR2jERxPWrUs9peIg,20/6/21,-37,-5,-12,-38,-1,14
SG,Singapore,,,,,,ChIJdZOLiiMR2jERxPWrUs9peIg,21/6/21,-23,4,-10,-34,-31,21
SG,Singapore,,,,,,ChIJdZOLiiMR2jERxPWrUs9peIg,22/6/21,-25,2,-9,-35,-30,21
SG,Singapore,,,,,,ChIJdZOLiiMR2jERxPWrUs9peIg,23/6/21,-26,-1,-9,-34,-30,21
SG,Singapore,,,,,,ChIJdZOLiiMR2jERxPWrUs9peIg,24/6/21,-27,-5,-22,-34,-31,21
SG,Singapore,,,,,,ChIJdZOLiiMR2jERxPWrUs9peIg,25/6/21,-23,4,-17,-33,-27,23
SG,Singapore,,,,,,ChIJdZOLiiMR2jERxPWrUs9peIg,26/6/21,-18,11,-6,-25,3,12
SG,Singapore,,,,,,ChIJdZOLiiMR2jERxPWrUs9peIg,27/6/21,-22,1,-9,-31,4,12
SG,Singapore,,,,,,ChIJdZOLiiMR2jERxPWrUs9peIg,28/6/21,-21,6,-12,-31,-24,19
SG,Singapore,,,,,,ChIJdZOLiiMR2jERxPWrUs9peIg,29/6/21,-24,1,-19,-32,-24,18
SG,Singapore,,,,,,ChIJdZOLiiMR2jERxPWrUs9peIg,30/6/21,-24,-3,-13,-32,-25,17
SG,Singapore,,,,,,ChIJdZOLiiMR2jERxPWrUs9peIg,1/7/21,-23,1,-15,-26,-22,18
SG,Singapore,,,,,,ChIJdZOLiiMR2jERxPWrUs9peIg,2/7/21,-20,6,-18,-26,-18,20
SG,Singapore,,,,,,ChIJdZOLiiMR2jERxPWrUs9peIg,3/7/21,-15,14,-7,-22,4,11
SG,Singapore,,,,,,ChIJdZOLiiMR2jERxPWrUs9peIg,4/7/21,-19,5,-12,-28,5,12
SG,Singapore,,,,,,ChIJdZOLiiMR2jERxPWrUs9peIg,5/7/21,-18,10,-12,-31,-29,20
SG,Singapore,,,,,,ChIJdZOLiiMR2jERxPWrUs9peIg,6/7/21,-20,6,-16,-27,-20,18
SG,Singapore,,,,,,ChIJdZOLiiMR2jERxPWrUs9peIg,7/7/21,-21,2,-13,-26,-21,18
SG,Singapore,,,,,,ChIJdZOLiiMR2jERxPWrUs9peIg,8/7/21,-22,4,-16,-25,-21,17
SG,Singapore,,,,,,ChIJdZOLiiMR2jERxPWrUs9peIg,9/7/21,-19,9,-21,-25,-17,20
SG,Singapore,,,,,,ChIJdZOLiiMR2jERxPWrUs9peIg,10/7/21,-15,13,-21,-22,5,12
SG,Singapore,,,,,,ChIJdZOLiiMR2jERxPWrUs9peIg,11/7/21,-18,4,-17,-27,6,12
SG,Singapore,,,,,,ChIJdZOLiiMR2jERxPWrUs9peIg,12/7/21,-19,2,-30,-26,-20,17
SG,Singapore,,,,,,ChIJdZOLiiMR2jERxPWrUs9peIg,13/7/21,-21,2,-33,-27,-20,18
SG,Singapore,,,,,,ChIJdZOLiiMR2jERxPWrUs9peIg,14/7/21,-19,1,-17,-25,-19,17
SG,Singapore,,,,,,ChIJdZOLiiMR2jERxPWrUs9peIg,15/7/21,-19,5,-13,-24,-19,16
SG,Singapore,,,,,,ChIJdZOLiiMR2jERxPWrUs9peIg,16/7/21,-15,8,-14,-23,-15,18
SG,Singapore,,,,,,ChIJdZOLiiMR2jERxPWrUs9peIg,17/7/21,-10,16,-3,-19,5,10
SG,Singapore,,,,,,ChIJdZOLiiMR2jERxPWrUs9peIg,18/7/21,-14,7,-1,-27,7,11
SG,Singapore,,,,,,ChIJdZOLiiMR2jERxPWrUs9peIg,19/7/21,-18,15,-7,-28,-24,17
SG,Singapore,,,,,,ChIJdZOLiiMR2jERxPWrUs9peIg,20/7/21,-25,14,28,-47,-73,33
SG,Singapore,,,,,,ChIJdZOLiiMR2jERxPWrUs9peIg,21/7/21,-20,-1,-13,-28,-21,18
SG,Singapore,,,,,,ChIJdZOLiiMR2jERxPWrUs9peIg,22/7/21,-39,-3,-17,-32,-24,21
SG,Singapore,,,,,,ChIJdZOLiiMR2jERxPWrUs9peIg,23/7/21,-38,2,-25,-33,-20,25
SG,Singapore,,,,,,ChIJdZOLiiMR2jERxPWrUs9peIg,24/7/21,-33,8,-11,-34,0,17
SG,Singapore,,,,,,ChIJdZOLiiMR2jERxPWrUs9peIg,25/7/21,-36,-1,-6,-40,1,16
SG,Singapore,,,,,,ChIJdZOLiiMR2jERxPWrUs9peIg,26/7/21,-35,5,-12,-33,-24,21
SG,Singapore,,,,,,ChIJdZOLiiMR2jERxPWrUs9peIg,27/7/21,-36,3,-7,-33,-23,21
SG,Singapore,,,,,,ChIJdZOLiiMR2jERxPWrUs9peIg,28/7/21,-36,-3,-11,-32,-24,22
SG,Singapore,,,,,,ChIJdZOLiiMR2jERxPWrUs9peIg,29/7/21,-37,0,-14,-31,-24,21
SG,Singapore,,,,,,ChIJdZOLiiMR2jERxPWrUs9peIg,30/7/21,-35,5,-15,-32,-19,24
SG,Singapore,,,,,,ChIJdZOLiiMR2jERxPWrUs9peIg,31/7/21,-30,11,-12,-32,0,16
SG,Singapore,,,,,,ChIJdZOLiiMR2jERxPWrUs9peIg,1/8/21,-34,0,-14,-38,0,16
SG,Singapore,,,,,,ChIJdZOLiiMR2jERxPWrUs9peIg,2/8/21,-33,5,-16,-32,-23,21
SG,Singapore,,,,,,ChIJdZOLiiMR2jERxPWrUs9peIg,3/8/21,-34,5,-11,-32,-24,21
SG,Singapore,,,,,,ChIJdZOLiiMR2jERxPWrUs9peIg,4/8/21,-35,-2,-14,-32,-24,21
SG,Singapore,,,,,,ChIJdZOLiiMR2jERxPWrUs9peIg,5/8/21,-35,2,-12,-30,-23,21
SG,Singapore,,,,,,ChIJdZOLiiMR2jERxPWrUs9peIg,6/8/21,-32,7,-11,-30,-20,24
SG,Singapore,,,,,,ChIJdZOLiiMR2jERxPWrUs9peIg,7/8/21,-30,13,-16,-31,0,16
SG,Singapore,,,,,,ChIJdZOLiiMR2jERxPWrUs9peIg,8/8/21,-30,4,2,-33,4,14
SG,Singapore,,,,,,ChIJdZOLiiMR2jERxPWrUs9peIg,9/8/21,-30,20,42,-50,-74,36
SG,Singapore,,,,,,ChIJdZOLiiMR2jERxPWrUs9peIg,10/8/21,-23,5,-6,-34,-30,21
SG,Singapore,,,,,,ChIJdZOLiiMR2jERxPWrUs9peIg,11/8/21,-26,-3,-13,-29,-21,19
SG,Singapore,,,,,,ChIJdZOLiiMR2jERxPWrUs9peIg,12/8/21,-26,-1,-17,-28,-22,19
SG,Singapore,,,,,,ChIJdZOLiiMR2jERxPWrUs9peIg,13/8/21,-22,5,-16,-28,-17,21
SG,Singapore,,,,,,ChIJdZOLiiMR2jERxPWrUs9peIg,14/8/21,-18,9,-15,-25,5,13
SG,Singapore,,,,,,ChIJdZOLiiMR2jERxPWrUs9peIg,15/8/21,-20,2,-1,-30,7,12
SG,Singapore,,,,,,ChIJdZOLiiMR2jERxPWrUs9peIg,16/8/21,-22,6,-13,-29,-21,18
SG,Singapore,,,,,,ChIJdZOLiiMR2jERxPWrUs9peIg,17/8/21,-25,0,-19,-30,-21,18
SG,Singapore,,,,,,ChIJdZOLiiMR2jERxPWrUs9peIg,18/8/21,-25,-4,-19,-28,-19,18
SG,Singapore,,,,,,ChIJdZOLiiMR2jERxPWrUs9peIg,19/8/21,-24,-2,-22,-25,-19,17
SG,Singapore,,,,,,ChIJdZOLiiMR2jERxPWrUs9peIg,20/8/21,-21,2,-29,-26,-15,20
SG,Singapore,,,,,,ChIJdZOLiiMR2jERxPWrUs9peIg,21/8/21,-13,15,-2,-21,7,11
SG,Singapore,,,,,,ChIJdZOLiiMR2jERxPWrUs9peIg,22/8/21,-20,0,-20,-29,9,12
SG,Singapore,,,,,,ChIJdZOLiiMR2jERxPWrUs9peIg,23/8/21,-19,5,-10,-26,-17,16
SG,Singapore,,,,,,ChIJdZOLiiMR2jERxPWrUs9peIg,24/8/21,-24,-5,-31,-28,-18,17
SG,Singapore,,,,,,ChIJdZOLiiMR2jERxPWrUs9peIg,25/8/21,-21,-3,-17,-25,-17,16
SG,Singapore,,,,,,ChIJdZOLiiMR2jERxPWrUs9peIg,26/8/21,-21,3,-16,-23,-18,15
SG,Singapore,,,,,,ChIJdZOLiiMR2jERxPWrUs9peIg,27/8/21,-16,8,-12,-23,-13,17
SG,Singapore,,,,,,ChIJdZOLiiMR2jERxPWrUs9peIg,28/8/21,-10,14,0,-19,7,10
SG,Singapore,,,,,,ChIJdZOLiiMR2jERxPWrUs9peIg,29/8/21,-18,-1,-22,-28,8,11
SG,Singapore,,,,,,ChIJdZOLiiMR2jERxPWrUs9peIg,30/8/21,-19,3,-26,-26,-18,16
SG,Singapore,,,,,,ChIJdZOLiiMR2jERxPWrUs9peIg,31/8/21,-18,5,-17,-24,-17,15
SG,Singapore,,,,,,ChIJdZOLiiMR2jERxPWrUs9peIg,1/9/21,-18,0,-15,-24,-17,15
SG,Singapore,,,,,,ChIJdZOLiiMR2jERxPWrUs9peIg,2/9/21,-18,1,-23,-21,-18,16
SG,Singapore,,,,,,ChIJdZOLiiMR2jERxPWrUs9peIg,3/9/21,-14,7,-5,-26,-25,20
SG,Singapore,,,,,,ChIJdZOLiiMR2jERxPWrUs9peIg,4/9/21,-11,11,-7,-20,5,10
SG,Singapore,,,,,,ChIJdZOLiiMR2jERxPWrUs9peIg,5/9/21,-13,7,5,-25,7,10
SG,Singapore,,,,,,ChIJdZOLiiMR2jERxPWrUs9peIg,6/9/21,-15,9,-12,-28,-25,17
SG,Singapore,,,,,,ChIJdZOLiiMR2jERxPWrUs9peIg,7/9/21,-15,6,-1,-27,-25,16
SG,Singapore,,,,,,ChIJdZOLiiMR2jERxPWrUs9peIg,8/9/21,-18,-1,-4,-28,-25,18
SG,Singapore,,,,,,ChIJdZOLiiMR2jERxPWrUs9peIg,9/9/21,-18,3,-6,-26,-26,17
SG,Singapore,,,,,,ChIJdZOLiiMR2jERxPWrUs9peIg,10/9/21,-16,5,-10,-27,-23,20
SG,Singapore,,,,,,ChIJdZOLiiMR2jERxPWrUs9peIg,11/9/21,-12,11,2,-22,4,11
SG,Singapore,,,,,,ChIJdZOLiiMR2jERxPWrUs9peIg,12/9/21,-16,3,4,-28,5,11
SG,Singapore,,,,,,ChIJdZOLiiMR2jERxPWrUs9peIg,13/9/21,-19,2,-18,-27,-19,17
SG,Singapore,,,,,,ChIJdZOLiiMR2jERxPWrUs9peIg,14/9/21,-20,1,-8,-27,-20,17
SG,Singapore,,,,,,ChIJdZOLiiMR2jERxPWrUs9peIg,15/9/21,-22,-4,-8,-27,-20,17
SG,Singapore,,,,,,ChIJdZOLiiMR2jERxPWrUs9peIg,16/9/21,-22,0,-12,-25,-21,17
SG,Singapore,,,,,,ChIJdZOLiiMR2jERxPWrUs9peIg,17/9/21,-17,3,-7,-25,-17,19
SG,Singapore,,,,,,ChIJdZOLiiMR2jERxPWrUs9peIg,18/9/21,-13,10,3,-23,3,11
SG,Singapore,,,,,,ChIJdZOLiiMR2jERxPWrUs9peIg,19/9/21,-20,-2,-14,-31,4,12
SG,Singapore,,,,,,ChIJdZOLiiMR2jERxPWrUs9peIg,20/9/21,-19,8,-7,-28,-21,17
SG,Singapore,,,,,,ChIJdZOLiiMR2jERxPWrUs9peIg,21/9/21,-21,1,4,-29,-21,17
SG,Singapore,,,,,,ChIJdZOLiiMR2jERxPWrUs9peIg,22/9/21,-22,-5,-8,-29,-19,18
SG,Singapore,,,,,,ChIJdZOLiiMR2jERxPWrUs9peIg,23/9/21,-23,-2,-11,-27,-20,18
SG,Singapore,,,,,,ChIJdZOLiiMR2jERxPWrUs9peIg,24/9/21,-19,1,-12,-27,-17,20
SG,Singapore,,,,,,ChIJdZOLiiMR2jERxPWrUs9peIg,25/9/21,-15,8,-6,-25,3,12
SG,Singapore,,,,,,ChIJdZOLiiMR2jERxPWrUs9peIg,26/9/21,-17,-1,-4,-31,6,11
SG,Singapore,,,,,,ChIJdZOLiiMR2jERxPWrUs9peIg,27/9/21,-27,-1,-26,-35,-25,21
SG,Singapore,,,,,,ChIJdZOLiiMR2jERxPWrUs9peIg,28/9/21,-27,-2,-21,-36,-26,21
SG,Singapore,,,,,,ChIJdZOLiiMR2jERxPWrUs9peIg,29/9/21,-28,-7,-17,-35,-26,22
SG,Singapore,,,,,,ChIJdZOLiiMR2jERxPWrUs9peIg,30/9/21,-28,-4,-36,-32,-26,21