country_region_code,country_region,sub_region_1,sub_region_2,metro_area,iso_3166_2_code,census_fips_code,place_id,date,retail_and_recreation_percent_change_from_baseline,grocery_and_pharmacy_percent_change_from_baseline,parks_percent_change_from_baseline,transit_stations_percent_change_from_baseline,workplaces_percent_change_from_baseline,residential_percent_change_from_baseline
NZ,New Zealand,,,,,,ChIJh5Z3Fw4gLG0RM0dqdeIY1rE,15/2/20,8,5,0,8,4,0
NZ,New Zealand,,,,,,ChIJh5Z3Fw4gLG0RM0dqdeIY1rE,16/2/20,4,4,-11,7,0,1
NZ,New Zealand,,,,,,ChIJh5Z3Fw4gLG0RM0dqdeIY1rE,17/2/20,-2,-2,-5,15,31,-3
NZ,New Zealand,,,,,,ChIJh5Z3Fw4gLG0RM0dqdeIY1rE,18/2/20,-1,2,1,8,15,-1
NZ,New Zealand,,,,,,ChIJh5Z3Fw4gLG0RM0dqdeIY1rE,19/2/20,1,2,0,11,14,-2
NZ,New Zealand,,,,,,ChIJh5Z3Fw4gLG0RM0dqdeIY1rE,20/2/20,1,0,-3,11,18,-2
NZ,New Zealand,,,,,,ChIJh5Z3Fw4gLG0RM0dqdeIY1rE,21/2/20,4,0,-5,10,17,-2
NZ,New Zealand,,,,,,ChIJh5Z3Fw4gLG0RM0dqdeIY1rE,22/2/20,7,4,-12,1,4,2
NZ,New Zealand,,,,,,ChIJh5Z3Fw4gLG0RM0dqdeIY1rE,23/2/20,5,3,-10,2,1,1
NZ,New Zealand,,,,,,ChIJh5Z3Fw4gLG0RM0dqdeIY1rE,24/2/20,-1,-1,-1,18,32,-3
NZ,New Zealand,,,,,,ChIJh5Z3Fw4gLG0RM0dqdeIY1rE,25/2/20,-1,1,7,10,15,-1
NZ,New Zealand,,,,,,ChIJh5Z3Fw4gLG0RM0dqdeIY1rE,26/2/20,0,5,2,12,16,-2
NZ,New Zealand,,,,,,ChIJh5Z3Fw4gLG0RM0dqdeIY1rE,27/2/20,0,1,-6,12,19,-2
NZ,New Zealand,,,,,,ChIJh5Z3Fw4gLG0RM0dqdeIY1rE,28/2/20,4,4,-4,13,19,-2
NZ,New Zealand,,,,,,ChIJh5Z3Fw4gLG0RM0dqdeIY1rE,29/2/20,6,13,-2,3,5,0
NZ,New Zealand,,,,,,ChIJh5Z3Fw4gLG0RM0dqdeIY1rE,1/3/20,1,4,-1,8,1,1
NZ,New Zealand,,,,,,ChIJh5Z3Fw4gLG0RM0dqdeIY1rE,2/3/20,-4,-1,-10,16,34,-2
NZ,New Zealand,,,,,,ChIJh5Z3Fw4gLG0RM0dqdeIY1rE,3/3/20,-4,0,-6,8,17,-1
NZ,New Zealand,,,,,,ChIJh5Z3Fw4gLG0RM0dqdeIY1rE,4/3/20,-2,0,-17,9,16,-1
NZ,New Zealand,,,,,,ChIJh5Z3Fw4gLG0RM0dqdeIY1rE,5/3/20,0,1,-15,10,20,-1
NZ,New Zealand,,,,,,ChIJh5Z3Fw4gLG0RM0dqdeIY1rE,6/3/20,4,2,-9,9,19,-1
NZ,New Zealand,,,,,,ChIJh5Z3Fw4gLG0RM0dqdeIY1rE,7/3/20,7,4,2,3,6,1
NZ,New Zealand,,,,,,ChIJh5Z3Fw4gLG0RM0dqdeIY1rE,8/3/20,3,4,-6,5,1,1
NZ,New Zealand,,,,,,ChIJh5Z3Fw4gLG0RM0dqdeIY1rE,9/3/20,-6,-4,-18,12,30,-2
NZ,New Zealand,,,,,,ChIJh5Z3Fw4gLG0RM0dqdeIY1rE,10/3/20,-4,-2,-11,6,16,0
NZ,New Zealand,,,,,,ChIJh5Z3Fw4gLG0RM0dqdeIY1rE,11/3/20,-3,-2,-14,7,16,-1
NZ,New Zealand,,,,,,ChIJh5Z3Fw4gLG0RM0dqdeIY1rE,12/3/20,-2,-1,-15,7,19,-1
NZ,New Zealand,,,,,,ChIJh5Z3Fw4gLG0RM0dqdeIY1rE,13/3/20,2,0,-12,6,18,-1
NZ,New Zealand,,,,,,ChIJh5Z3Fw4gLG0RM0dqdeIY1rE,14/3/20,4,3,0,-2,6,1
NZ,New Zealand,,,,,,ChIJh5Z3Fw4gLG0RM0dqdeIY1rE,15/3/20,-1,6,-8,-2,1,1
NZ,New Zealand,,,,,,ChIJh5Z3Fw4gLG0RM0dqdeIY1rE,16/3/20,-7,5,-19,3,30,-1
NZ,New Zealand,,,,,,ChIJh5Z3Fw4gLG0RM0dqdeIY1rE,17/3/20,-9,10,-22,-9,13,1
NZ,New Zealand,,,,,,ChIJh5Z3Fw4gLG0RM0dqdeIY1rE,18/3/20,-8,13,-22,-10,10,2
NZ,New Zealand,,,,,,ChIJh5Z3Fw4gLG0RM0dqdeIY1rE,19/3/20,-10,22,-34,-14,12,3
NZ,New Zealand,,,,,,ChIJh5Z3Fw4gLG0RM0dqdeIY1rE,20/3/20,-13,12,-37,-20,9,5
NZ,New Zealand,,,,,,ChIJh5Z3Fw4gLG0RM0dqdeIY1rE,21/3/20,-17,6,-38,-32,0,8
NZ,New Zealand,,,,,,ChIJh5Z3Fw4gLG0RM0dqdeIY1rE,22/3/20,-25,-4,-36,-36,-8,8
NZ,New Zealand,,,,,,ChIJh5Z3Fw4gLG0RM0dqdeIY1rE,23/3/20,-12,29,-50,-34,6,6
NZ,New Zealand,,,,,,ChIJh5Z3Fw4gLG0RM0dqdeIY1rE,24/3/20,-19,12,-52,-51,-32,16
NZ,New Zealand,,,,,,ChIJh5Z3Fw4gLG0RM0dqdeIY1rE,25/3/20,-38,4,-52,-61,-49,20
NZ,New Zealand,,,,,,ChIJh5Z3Fw4gLG0RM0dqdeIY1rE,26/3/20,-92,-58,-77,-84,-74,35
NZ,New Zealand,,,,,,ChIJh5Z3Fw4gLG0RM0dqdeIY1rE,27/3/20,-91,-48,-80,-84,-74,38
NZ,New Zealand,,,,,,ChIJh5Z3Fw4gLG0RM0dqdeIY1rE,28/3/20,-92,-53,-80,-84,-63,26
NZ,New Zealand,,,,,,ChIJh5Z3Fw4gLG0RM0dqdeIY1rE,29/3/20,-91,-54,-78,-84,-59,22
NZ,New Zealand,,,,,,ChIJh5Z3Fw4gLG0RM0dqdeIY1rE,30/3/20,-88,-44,-73,-85,-71,30
NZ,New Zealand,,,,,,ChIJh5Z3Fw4gLG0RM0dqdeIY1rE,31/3/20,-87,-38,-66,-85,-75,33
NZ,New Zealand,,,,,,ChIJh5Z3Fw4gLG0RM0dqdeIY1rE,1/4/20,-87,-38,-66,-85,-74,34
NZ,New Zealand,,,,,,ChIJh5Z3Fw4gLG0RM0dqdeIY1rE,2/4/20,-88,-37,-69,-85,-74,34
NZ,New Zealand,,,,,,ChIJh5Z3Fw4gLG0RM0dqdeIY1rE,3/4/20,-89,-37,-72,-86,-73,37
NZ,New Zealand,,,,,,ChIJh5Z3Fw4gLG0RM0dqdeIY1rE,4/4/20,-91,-46,-75,-84,-60,25
NZ,New Zealand,,,,,,ChIJh5Z3Fw4gLG0RM0dqdeIY1rE,5/4/20,-90,-48,-74,-84,-57,21
NZ,New Zealand,,,,,,ChIJh5Z3Fw4gLG0RM0dqdeIY1rE,6/4/20,-88,-39,-71,-85,-70,30
NZ,New Zealand,,,,,,ChIJh5Z3Fw4gLG0RM0dqdeIY1rE,7/4/20,-88,-35,-67,-85,-74,33
NZ,New Zealand,,,,,,ChIJh5Z3Fw4gLG0RM0dqdeIY1rE,8/4/20,-87,-31,-74,-85,-74,33
NZ,New Zealand,,,,,,ChIJh5Z3Fw4gLG0RM0dqdeIY1rE,9/4/20,-86,-18,-77,-85,-73,33
NZ,New Zealand,,,,,,ChIJh5Z3Fw4gLG0RM0dqdeIY1rE,10/4/20,-95,-91,-68,-89,-88,42
NZ,New Zealand,,,,,,ChIJh5Z3Fw4gLG0RM0dqdeIY1rE,11/4/20,-88,-33,-75,-82,-58,24
NZ,New Zealand,,,,,,ChIJh5Z3Fw4gLG0RM0dqdeIY1rE,12/4/20,-92,-59,-77,-85,-59,22
NZ,New Zealand,,,,,,ChIJh5Z3Fw4gLG0RM0dqdeIY1rE,13/4/20,-91,-45,-76,-89,-85,34
NZ,New Zealand,,,,,,ChIJh5Z3Fw4gLG0RM0dqdeIY1rE,14/4/20,-89,-37,-77,-87,-74,34
NZ,New Zealand,,,,,,ChIJh5Z3Fw4gLG0RM0dqdeIY1rE,15/4/20,-88,-36,-76,-86,-73,34
NZ,New Zealand,,,,,,ChIJh5Z3Fw4gLG0RM0dqdeIY1rE,16/4/20,-89,-35,-75,-86,-72,34
NZ,New Zealand,,,,,,ChIJh5Z3Fw4gLG0RM0dqdeIY1rE,17/4/20,-90,-37,-81,-87,-72,37
NZ,New Zealand,,,,,,ChIJh5Z3Fw4gLG0RM0dqdeIY1rE,18/4/20,-91,-45,-77,-84,-57,25
NZ,New Zealand,,,,,,ChIJh5Z3Fw4gLG0RM0dqdeIY1rE,19/4/20,-91,-50,-77,-85,-55,21
NZ,New Zealand,,,,,,ChIJh5Z3Fw4gLG0RM0dqdeIY1rE,20/4/20,-89,-42,-71,-85,-68,29
NZ,New Zealand,,,,,,ChIJh5Z3Fw4gLG0RM0dqdeIY1rE,21/4/20,-87,-36,-66,-85,-71,33
NZ,New Zealand,,,,,,ChIJh5Z3Fw4gLG0RM0dqdeIY1rE,22/4/20,-87,-35,-64,-84,-70,33
NZ,New Zealand,,,,,,ChIJh5Z3Fw4gLG0RM0dqdeIY1rE,23/4/20,-88,-35,-74,-85,-68,33
NZ,New Zealand,,,,,,ChIJh5Z3Fw4gLG0RM0dqdeIY1rE,24/4/20,-88,-31,-68,-84,-66,35
NZ,New Zealand,,,,,,ChIJh5Z3Fw4gLG0RM0dqdeIY1rE,25/4/20,-89,-53,-69,-81,-56,24
NZ,New Zealand,,,,,,ChIJh5Z3Fw4gLG0RM0dqdeIY1rE,26/4/20,-88,-37,-69,-82,-49,20
NZ,New Zealand,,,,,,ChIJh5Z3Fw4gLG0RM0dqdeIY1rE,27/4/20,-89,-41,-63,-87,-81,32
NZ,New Zealand,,,,,,ChIJh5Z3Fw4gLG0RM0dqdeIY1rE,28/4/20,-68,-28,-48,-73,-47,22
NZ,New Zealand,,,,,,ChIJh5Z3Fw4gLG0RM0dqdeIY1rE,29/4/20,-70,-30,-51,-72,-48,14
NZ,New Zealand,,,,,,ChIJh5Z3Fw4gLG0RM0dqdeIY1rE,30/4/20,-81,-25,-53,-69,-46,24
NZ,New Zealand,,,,,,ChIJh5Z3Fw4gLG0RM0dqdeIY1rE,1/5/20,-80,-23,-51,-69,-44,25
NZ,New Zealand,,,,,,ChIJh5Z3Fw4gLG0RM0dqdeIY1rE,2/5/20,-83,-29,-56,-65,-34,18
NZ,New Zealand,,,,,,ChIJh5Z3Fw4gLG0RM0dqdeIY1rE,3/5/20,-87,-38,-72,-76,-39,18
NZ,New Zealand,,,,,,ChIJh5Z3Fw4gLG0RM0dqdeIY1rE,4/5/20,-80,-30,-59,-70,-37,20
NZ,New Zealand,,,,,,ChIJh5Z3Fw4gLG0RM0dqdeIY1rE,5/5/20,-81,-29,-64,-72,-46,24
NZ,New Zealand,,,,,,ChIJh5Z3Fw4gLG0RM0dqdeIY1rE,6/5/20,-79,-23,-48,-68,-44,23
NZ,New Zealand,,,,,,ChIJh5Z3Fw4gLG0RM0dqdeIY1rE,7/5/20,-72,-25,-55,-70,-42,23
NZ,New Zealand,,,,,,ChIJh5Z3Fw4gLG0RM0dqdeIY1rE,8/5/20,-70,-21,-51,-70,-40,24
NZ,New Zealand,,,,,,ChIJh5Z3Fw4gLG0RM0dqdeIY1rE,9/5/20,-71,-20,-41,-64,-27,16
NZ,New Zealand,,,,,,ChIJh5Z3Fw4gLG0RM0dqdeIY1rE,10/5/20,-72,-25,-44,-68,-30,14
NZ,New Zealand,,,,,,ChIJh5Z3Fw4gLG0RM0dqdeIY1rE,11/5/20,-72,-33,-54,-70,-33,19
NZ,New Zealand,,,,,,ChIJh5Z3Fw4gLG0RM0dqdeIY1rE,12/5/20,-70,-25,-52,-70,-40,22
NZ,New Zealand,,,,,,ChIJh5Z3Fw4gLG0RM0dqdeIY1rE,13/5/20,-70,-25,-53,-68,-39,21
NZ,New Zealand,,,,,,ChIJh5Z3Fw4gLG0RM0dqdeIY1rE,14/5/20,-35,-9,-45,-50,-28,15
NZ,New Zealand,,,,,,ChIJh5Z3Fw4gLG0RM0dqdeIY1rE,15/5/20,-35,-8,-42,-48,-28,16
NZ,New Zealand,,,,,,ChIJh5Z3Fw4gLG0RM0dqdeIY1rE,16/5/20,-31,-8,-35,-32,-12,8
NZ,New Zealand,,,,,,ChIJh5Z3Fw4gLG0RM0dqdeIY1rE,17/5/20,-34,-10,-33,-38,-17,8
NZ,New Zealand,,,,,,ChIJh5Z3Fw4gLG0RM0dqdeIY1rE,18/5/20,-33,-10,-39,-39,-2,8
NZ,New Zealand,,,,,,ChIJh5Z3Fw4gLG0RM0dqdeIY1rE,19/5/20,-36,-10,-37,-42,-14,11
NZ,New Zealand,,,,,,ChIJh5Z3Fw4gLG0RM0dqdeIY1rE,20/5/20,-29,-13,-38,-47,-14,11
NZ,New Zealand,,,,,,ChIJh5Z3Fw4gLG0RM0dqdeIY1rE,21/5/20,-28,-12,-42,-47,-10,11
NZ,New Zealand,,,,,,ChIJh5Z3Fw4gLG0RM0dqdeIY1rE,22/5/20,-24,-8,-39,-45,-9,11
NZ,New Zealand,,,,,,ChIJh5Z3Fw4gLG0RM0dqdeIY1rE,23/5/20,-18,-9,-33,-38,-7,7
NZ,New Zealand,,,,,,ChIJh5Z3Fw4gLG0RM0dqdeIY1rE,24/5/20,-25,-15,-53,-52,-16,8
NZ,New Zealand,,,,,,ChIJh5Z3Fw4gLG0RM0dqdeIY1rE,25/5/20,-29,-16,-57,-48,-1,9
NZ,New Zealand,,,,,,ChIJh5Z3Fw4gLG0RM0dqdeIY1rE,26/5/20,-27,-12,-41,-46,-9,10
NZ,New Zealand,,,,,,ChIJh5Z3Fw4gLG0RM0dqdeIY1rE,27/5/20,-26,-12,-45,-44,-9,10
NZ,New Zealand,,,,,,ChIJh5Z3Fw4gLG0RM0dqdeIY1rE,28/5/20,-24,-9,-40,-40,-5,9
NZ,New Zealand,,,,,,ChIJh5Z3Fw4gLG0RM0dqdeIY1rE,29/5/20,-20,-5,-45,-40,-9,9
NZ,New Zealand,,,,,,ChIJh5Z3Fw4gLG0RM0dqdeIY1rE,30/5/20,-12,-4,-26,-31,-5,5
NZ,New Zealand,,,,,,ChIJh5Z3Fw4gLG0RM0dqdeIY1rE,31/5/20,-15,-13,-31,-41,-11,5
NZ,New Zealand,,,,,,ChIJh5Z3Fw4gLG0RM0dqdeIY1rE,1/6/20,-18,-9,-34,-56,-72,17
NZ,New Zealand,,,,,,ChIJh5Z3Fw4gLG0RM0dqdeIY1rE,2/6/20,-29,-11,-36,-41,-8,8
NZ,New Zealand,,,,,,ChIJh5Z3Fw4gLG0RM0dqdeIY1rE,3/6/20,-27,-12,-40,-39,-6,9
NZ,New Zealand,,,,,,ChIJh5Z3Fw4gLG0RM0dqdeIY1rE,4/6/20,-27,-10,-51,-41,-2,9
NZ,New Zealand,,,,,,ChIJh5Z3Fw4gLG0RM0dqdeIY1rE,5/6/20,-16,-9,-51,-43,-2,9
NZ,New Zealand,,,,,,ChIJh5Z3Fw4gLG0RM0dqdeIY1rE,6/6/20,-8,-8,-41,-41,-2,7
NZ,New Zealand,,,,,,ChIJh5Z3Fw4gLG0RM0dqdeIY1rE,7/6/20,-12,-10,-38,-46,-8,7
NZ,New Zealand,,,,,,ChIJh5Z3Fw4gLG0RM0dqdeIY1rE,8/6/20,-21,-14,-40,-41,9,6
NZ,New Zealand,,,,,,ChIJh5Z3Fw4gLG0RM0dqdeIY1rE,9/6/20,-19,-11,-35,-41,-3,7
NZ,New Zealand,,,,,,ChIJh5Z3Fw4gLG0RM0dqdeIY1rE,10/6/20,-17,-12,-35,-38,-3,7
NZ,New Zealand,,,,,,ChIJh5Z3Fw4gLG0RM0dqdeIY1rE,11/6/20,-14,-10,-40,-38,1,7
NZ,New Zealand,,,,,,ChIJh5Z3Fw4gLG0RM0dqdeIY1rE,12/6/20,-9,-7,-45,-36,0,7
NZ,New Zealand,,,,,,ChIJh5Z3Fw4gLG0RM0dqdeIY1rE,13/6/20,-1,-4,-30,-33,1,5
NZ,New Zealand,,,,,,ChIJh5Z3Fw4gLG0RM0dqdeIY1rE,14/6/20,-6,-8,-33,-33,-4,5
NZ,New Zealand,,,,,,ChIJh5Z3Fw4gLG0RM0dqdeIY1rE,15/6/20,-18,-12,-39,-34,11,4
NZ,New Zealand,,,,,,ChIJh5Z3Fw4gLG0RM0dqdeIY1rE,16/6/20,-17,-10,-35,-36,-2,6
NZ,New Zealand,,,,,,ChIJh5Z3Fw4gLG0RM0dqdeIY1rE,17/6/20,-15,-10,-36,-33,-2,6
NZ,New Zealand,,,,,,ChIJh5Z3Fw4gLG0RM0dqdeIY1rE,18/6/20,-18,-14,-56,-38,-1,8
NZ,New Zealand,,,,,,ChIJh5Z3Fw4gLG0RM0dqdeIY1rE,19/6/20,-8,-7,-46,-34,-1,7
NZ,New Zealand,,,,,,ChIJh5Z3Fw4gLG0RM0dqdeIY1rE,20/6/20,1,-5,-30,-35,-1,5
NZ,New Zealand,,,,,,ChIJh5Z3Fw4gLG0RM0dqdeIY1rE,21/6/20,-8,-8,-49,-42,-6,6
NZ,New Zealand,,,,,,ChIJh5Z3Fw4gLG0RM0dqdeIY1rE,22/6/20,-16,-12,-36,-32,9,4
NZ,New Zealand,,,,,,ChIJh5Z3Fw4gLG0RM0dqdeIY1rE,23/6/20,-15,-8,-33,-34,-4,6
NZ,New Zealand,,,,,,ChIJh5Z3Fw4gLG0RM0dqdeIY1rE,24/6/20,-14,-10,-42,-32,-3,6
NZ,New Zealand,,,,,,ChIJh5Z3Fw4gLG0RM0dqdeIY1rE,25/6/20,-13,-7,-48,-36,0,7
NZ,New Zealand,,,,,,ChIJh5Z3Fw4gLG0RM0dqdeIY1rE,26/6/20,-7,-7,-47,-33,-1,7
NZ,New Zealand,,,,,,ChIJh5Z3Fw4gLG0RM0dqdeIY1rE,27/6/20,-2,-6,-40,-34,-4,6
NZ,New Zealand,,,,,,ChIJh5Z3Fw4gLG0RM0dqdeIY1rE,28/6/20,-6,-8,-47,-43,-7,6
NZ,New Zealand,,,,,,ChIJh5Z3Fw4gLG0RM0dqdeIY1rE,29/6/20,-17,-13,-50,-33,11,5
NZ,New Zealand,,,,,,ChIJh5Z3Fw4gLG0RM0dqdeIY1rE,30/6/20,-13,-10,-41,-33,-1,6
NZ,New Zealand,,,,,,ChIJh5Z3Fw4gLG0RM0dqdeIY1rE,1/7/20,-13,-11,-43,-33,-2,6
NZ,New Zealand,,,,,,ChIJh5Z3Fw4gLG0RM0dqdeIY1rE,2/7/20,-11,-9,-44,-32,1,6
NZ,New Zealand,,,,,,ChIJh5Z3Fw4gLG0RM0dqdeIY1rE,3/7/20,-4,-6,-37,-29,0,6
NZ,New Zealand,,,,,,ChIJh5Z3Fw4gLG0RM0dqdeIY1rE,4/7/20,1,-5,-25,-27,-4,4
NZ,New Zealand,,,,,,ChIJh5Z3Fw4gLG0RM0dqdeIY1rE,5/7/20,-4,-8,-43,-38,-10,5
NZ,New Zealand,,,,,,ChIJh5Z3Fw4gLG0RM0dqdeIY1rE,6/7/20,-9,-10,-43,-33,-4,6
NZ,New Zealand,,,,,,ChIJh5Z3Fw4gLG0RM0dqdeIY1rE,7/7/20,-7,-5,-35,-33,-15,7
NZ,New Zealand,,,,,,ChIJh5Z3Fw4gLG0RM0dqdeIY1rE,8/7/20,-9,-10,-45,-36,-15,8
NZ,New Zealand,,,,,,ChIJh5Z3Fw4gLG0RM0dqdeIY1rE,9/7/20,-4,-6,-35,-31,-12,7
NZ,New Zealand,,,,,,ChIJh5Z3Fw4gLG0RM0dqdeIY1rE,10/7/20,-1,-4,-27,-30,-14,7
NZ,New Zealand,,,,,,ChIJh5Z3Fw4gLG0RM0dqdeIY1rE,11/7/20,2,-4,-22,-29,-5,4
NZ,New Zealand,,,,,,ChIJh5Z3Fw4gLG0RM0dqdeIY1rE,12/7/20,-2,-7,-34,-32,-10,4
NZ,New Zealand,,,,,,ChIJh5Z3Fw4gLG0RM0dqdeIY1rE,13/7/20,-5,-6,-29,-29,-5,5
NZ,New Zealand,,,,,,ChIJh5Z3Fw4gLG0RM0dqdeIY1rE,14/7/20,-7,-8,-25,-31,-15,6
NZ,New Zealand,,,,,,ChIJh5Z3Fw4gLG0RM0dqdeIY1rE,15/7/20,-6,-9,-42,-31,-14,7
NZ,New Zealand,,,,,,ChIJh5Z3Fw4gLG0RM0dqdeIY1rE,16/7/20,-5,-7,-44,-32,-12,7
NZ,New Zealand,,,,,,ChIJh5Z3Fw4gLG0RM0dqdeIY1rE,17/7/20,0,-4,-38,-31,-13,7
NZ,New Zealand,,,,,,ChIJh5Z3Fw4gLG0RM0dqdeIY1rE,18/7/20,3,-4,-29,-26,-5,4
NZ,New Zealand,,,,,,ChIJh5Z3Fw4gLG0RM0dqdeIY1rE,19/7/20,-1,-3,-33,-32,-8,4
NZ,New Zealand,,,,,,ChIJh5Z3Fw4gLG0RM0dqdeIY1rE,20/7/20,-12,-10,-40,-26,12,3
NZ,New Zealand,,,,,,ChIJh5Z3Fw4gLG0RM0dqdeIY1rE,21/7/20,-13,-8,-40,-29,-1,5
NZ,New Zealand,,,,,,ChIJh5Z3Fw4gLG0RM0dqdeIY1rE,22/7/20,-11,-9,-44,-28,0,5
NZ,New Zealand,,,,,,ChIJh5Z3Fw4gLG0RM0dqdeIY1rE,23/7/20,-8,-7,-42,-26,4,4
NZ,New Zealand,,,,,,ChIJh5Z3Fw4gLG0RM0dqdeIY1rE,24/7/20,-3,-5,-39,-26,3,4
NZ,New Zealand,,,,,,ChIJh5Z3Fw4gLG0RM0dqdeIY1rE,25/7/20,6,-1,-13,-26,-3,3
NZ,New Zealand,,,,,,ChIJh5Z3Fw4gLG0RM0dqdeIY1rE,26/7/20,0,-4,-28,-30,-8,3
NZ,New Zealand,,,,,,ChIJh5Z3Fw4gLG0RM0dqdeIY1rE,27/7/20,-12,-9,-32,-22,13,2
NZ,New Zealand,,,,,,ChIJh5Z3Fw4gLG0RM0dqdeIY1rE,28/7/20,-12,-7,-32,-26,1,4
NZ,New Zealand,,,,,,ChIJh5Z3Fw4gLG0RM0dqdeIY1rE,29/7/20,-9,-6,-34,-24,1,4
NZ,New Zealand,,,,,,ChIJh5Z3Fw4gLG0RM0dqdeIY1rE,30/7/20,-5,-6,-19,-22,4,3
NZ,New Zealand,,,,,,ChIJh5Z3Fw4gLG0RM0dqdeIY1rE,31/7/20,0,-4,-25,-24,2,4
NZ,New Zealand,,,,,,ChIJh5Z3Fw4gLG0RM0dqdeIY1rE,1/8/20,7,-1,1,-25,-5,4
NZ,New Zealand,,,,,,ChIJh5Z3Fw4gLG0RM0dqdeIY1rE,2/8/20,-1,-5,-25,-34,-9,4
NZ,New Zealand,,,,,,ChIJh5Z3Fw4gLG0RM0dqdeIY1rE,3/8/20,-10,-10,-17,-22,14,2
NZ,New Zealand,,,,,,ChIJh5Z3Fw4gLG0RM0dqdeIY1rE,4/8/20,-7,-6,-4,-23,0,3
NZ,New Zealand,,,,,,ChIJh5Z3Fw4gLG0RM0dqdeIY1rE,5/8/20,-5,-6,-8,-21,1,3
NZ,New Zealand,,,,,,ChIJh5Z3Fw4gLG0RM0dqdeIY1rE,6/8/20,-5,-7,-20,-21,4,3
NZ,New Zealand,,,,,,ChIJh5Z3Fw4gLG0RM0dqdeIY1rE,7/8/20,-2,-5,-26,-22,2,4
NZ,New Zealand,,,,,,ChIJh5Z3Fw4gLG0RM0dqdeIY1rE,8/8/20,7,-1,3,-21,-5,3
NZ,New Zealand,,,,,,ChIJh5Z3Fw4gLG0RM0dqdeIY1rE,9/8/20,0,-5,-16,-30,-10,3
NZ,New Zealand,,,,,,ChIJh5Z3Fw4gLG0RM0dqdeIY1rE,10/8/20,-9,-10,-15,-20,13,2
NZ,New Zealand,,,,,,ChIJh5Z3Fw4gLG0RM0dqdeIY1rE,11/8/20,-11,-9,-23,-25,-1,4
NZ,New Zealand,,,,,,ChIJh5Z3Fw4gLG0RM0dqdeIY1rE,12/8/20,-18,5,-30,-43,-15,10
NZ,New Zealand,,,,,,ChIJh5Z3Fw4gLG0RM0dqdeIY1rE,13/8/20,-30,-11,-29,-51,-20,13
NZ,New Zealand,,,,,,ChIJh5Z3Fw4gLG0RM0dqdeIY1rE,14/8/20,-25,-7,-38,-53,-20,14
NZ,New Zealand,,,,,,ChIJh5Z3Fw4gLG0RM0dqdeIY1rE,15/8/20,-26,-14,-14,-48,-17,11
NZ,New Zealand,,,,,,ChIJh5Z3Fw4gLG0RM0dqdeIY1rE,16/8/20,-30,-21,-18,-54,-23,10
NZ,New Zealand,,,,,,ChIJh5Z3Fw4gLG0RM0dqdeIY1rE,17/8/20,-31,-19,-26,-50,-11,10
NZ,New Zealand,,,,,,ChIJh5Z3Fw4gLG0RM0dqdeIY1rE,18/8/20,-30,-14,-29,-53,-20,12
NZ,New Zealand,,,,,,ChIJh5Z3Fw4gLG0RM0dqdeIY1rE,19/8/20,-31,-16,-42,-55,-20,14
NZ,New Zealand,,,,,,ChIJh5Z3Fw4gLG0RM0dqdeIY1rE,20/8/20,-29,-14,-34,-53,-16,12
NZ,New Zealand,,,,,,ChIJh5Z3Fw4gLG0RM0dqdeIY1rE,21/8/20,-25,-11,-38,-53,-17,14
NZ,New Zealand,,,,,,ChIJh5Z3Fw4gLG0RM0dqdeIY1rE,22/8/20,-21,-11,-7,-47,-15,9
NZ,New Zealand,,,,,,ChIJh5Z3Fw4gLG0RM0dqdeIY1rE,23/8/20,-28,-17,-34,-58,-22,10
NZ,New Zealand,,,,,,ChIJh5Z3Fw4gLG0RM0dqdeIY1rE,24/8/20,-30,-16,-34,-51,-7,10
NZ,New Zealand,,,,,,ChIJh5Z3Fw4gLG0RM0dqdeIY1rE,25/8/20,-28,-13,-33,-53,-18,12
NZ,New Zealand,,,,,,ChIJh5Z3Fw4gLG0RM0dqdeIY1rE,26/8/20,-25,-11,-23,-51,-16,11
NZ,New Zealand,,,,,,ChIJh5Z3Fw4gLG0RM0dqdeIY1rE,27/8/20,-27,-12,-34,-52,-14,12
NZ,New Zealand,,,,,,ChIJh5Z3Fw4gLG0RM0dqdeIY1rE,28/8/20,-21,-7,-23,-50,-14,11
NZ,New Zealand,,,,,,ChIJh5Z3Fw4gLG0RM0dqdeIY1rE,29/8/20,-20,-8,-2,-48,-13,8
NZ,New Zealand,,,,,,ChIJh5Z3Fw4gLG0RM0dqdeIY1rE,30/8/20,-25,-11,-12,-54,-19,8
NZ,New Zealand,,,,,,ChIJh5Z3Fw4gLG0RM0dqdeIY1rE,31/8/20,-11,-9,-19,-35,7,4
NZ,New Zealand,,,,,,ChIJh5Z3Fw4gLG0RM0dqdeIY1rE,1/9/20,-13,-7,-22,-40,-6,7
NZ,New Zealand,,,,,,ChIJh5Z3Fw4gLG0RM0dqdeIY1rE,2/9/20,-11,-7,-20,-40,-5,6
NZ,New Zealand,,,,,,ChIJh5Z3Fw4gLG0RM0dqdeIY1rE,3/9/20,-9,-7,-14,-37,-2,5
NZ,New Zealand,,,,,,ChIJh5Z3Fw4gLG0RM0dqdeIY1rE,4/9/20,-5,-4,-15,-37,-4,5
NZ,New Zealand,,,,,,ChIJh5Z3Fw4gLG0RM0dqdeIY1rE,5/9/20,0,1,-5,-37,-8,4
NZ,New Zealand,,,,,,ChIJh5Z3Fw4gLG0RM0dqdeIY1rE,6/9/20,-3,-6,-29,-47,-14,4
NZ,New Zealand,,,,,,ChIJh5Z3Fw4gLG0RM0dqdeIY1rE,7/9/20,-13,-10,-19,-35,7,4
NZ,New Zealand,,,,,,ChIJh5Z3Fw4gLG0RM0dqdeIY1rE,8/9/20,-11,-7,-1,-36,-4,5
NZ,New Zealand,,,,,,ChIJh5Z3Fw4gLG0RM0dqdeIY1rE,9/9/20,-11,-8,-12,-37,-4,5
NZ,New Zealand,,,,,,ChIJh5Z3Fw4gLG0RM0dqdeIY1rE,10/9/20,-11,-7,-21,-37,-1,5
NZ,New Zealand,,,,,,ChIJh5Z3Fw4gLG0RM0dqdeIY1rE,11/9/20,-5,-4,-19,-35,-2,5
NZ,New Zealand,,,,,,ChIJh5Z3Fw4gLG0RM0dqdeIY1rE,12/9/20,2,-3,15,-30,-7,3
NZ,New Zealand,,,,,,ChIJh5Z3Fw4gLG0RM0dqdeIY1rE,13/9/20,-3,-5,-11,-41,-14,3
NZ,New Zealand,,,,,,ChIJh5Z3Fw4gLG0RM0dqdeIY1rE,14/9/20,-10,-9,-10,-31,11,2
NZ,New Zealand,,,,,,ChIJh5Z3Fw4gLG0RM0dqdeIY1rE,15/9/20,-8,-5,-12,-36,-1,4
NZ,New Zealand,,,,,,ChIJh5Z3Fw4gLG0RM0dqdeIY1rE,16/9/20,-6,-5,-7,-34,-2,4
NZ,New Zealand,,,,,,ChIJh5Z3Fw4gLG0RM0dqdeIY1rE,17/9/20,-7,-8,-14,-34,1,4
NZ,New Zealand,,,,,,ChIJh5Z3Fw4gLG0RM0dqdeIY1rE,18/9/20,-6,-7,-24,-35,-2,5
NZ,New Zealand,,,,,,ChIJh5Z3Fw4gLG0RM0dqdeIY1rE,19/9/20,2,-3,0,-32,-6,4
NZ,New Zealand,,,,,,ChIJh5Z3Fw4gLG0RM0dqdeIY1rE,20/9/20,1,-5,7,-36,-12,3
NZ,New Zealand,,,,,,ChIJh5Z3Fw4gLG0RM0dqdeIY1rE,21/9/20,-8,-9,-1,-26,10,2
NZ,New Zealand,,,,,,ChIJh5Z3Fw4gLG0RM0dqdeIY1rE,22/9/20,-7,-7,-2,-30,-2,4
NZ,New Zealand,,,,,,ChIJh5Z3Fw4gLG0RM0dqdeIY1rE,23/9/20,-6,-6,-15,-30,-1,4
NZ,New Zealand,,,,,,ChIJh5Z3Fw4gLG0RM0dqdeIY1rE,24/9/20,-5,-5,-25,-30,3,4
NZ,New Zealand,,,,,,ChIJh5Z3Fw4gLG0RM0dqdeIY1rE,25/9/20,0,-3,-17,-27,2,4
NZ,New Zealand,,,,,,ChIJh5Z3Fw4gLG0RM0dqdeIY1rE,26/9/20,4,-2,7,-25,-4,3
NZ,New Zealand,,,,,,ChIJh5Z3Fw4gLG0RM0dqdeIY1rE,27/9/20,-6,-9,-37,-39,-13,6
NZ,New Zealand,,,,,,ChIJh5Z3Fw4gLG0RM0dqdeIY1rE,28/9/20,-3,-7,-18,-28,-2,5
NZ,New Zealand,,,,,,ChIJh5Z3Fw4gLG0RM0dqdeIY1rE,29/9/20,-3,-4,-17,-33,-14,7
NZ,New Zealand,,,,,,ChIJh5Z3Fw4gLG0RM0dqdeIY1rE,30/9/20,1,-2,-4,-29,-13,5
NZ,New Zealand,,,,,,ChIJh5Z3Fw4gLG0RM0dqdeIY1rE,1/10/20,1,-2,-1,-30,-9,4
NZ,New Zealand,,,,,,ChIJh5Z3Fw4gLG0RM0dqdeIY1rE,2/10/20,2,-2,-5,-31,-11,5
NZ,New Zealand,,,,,,ChIJh5Z3Fw4gLG0RM0dqdeIY1rE,3/10/20,6,-1,8,-24,-6,2
NZ,New Zealand,,,,,,ChIJh5Z3Fw4gLG0RM0dqdeIY1rE,4/10/20,5,-4,3,-29,-11,2
NZ,New Zealand,,,,,,ChIJh5Z3Fw4gLG0RM0dqdeIY1rE,5/10/20,2,-4,11,-25,-2,2
NZ,New Zealand,,,,,,ChIJh5Z3Fw4gLG0RM0dqdeIY1rE,6/10/20,1,-4,6,-31,-13,4
NZ,New Zealand,,,,,,ChIJh5Z3Fw4gLG0RM0dqdeIY1rE,7/10/20,2,-3,-4,-31,-12,4
NZ,New Zealand,,,,,,ChIJh5Z3Fw4gLG0RM0dqdeIY1rE,8/10/20,3,-3,-11,-30,-8,4
NZ,New Zealand,,,,,,ChIJh5Z3Fw4gLG0RM0dqdeIY1rE,9/10/20,4,-2,-11,-31,-10,5
NZ,New Zealand,,,,,,ChIJh5Z3Fw4gLG0RM0dqdeIY1rE,10/10/20,7,-3,-4,-27,-3,2
NZ,New Zealand,,,,,,ChIJh5Z3Fw4gLG0RM0dqdeIY1rE,11/10/20,3,-3,-20,-30,-7,3
NZ,New Zealand,,,,,,ChIJh5Z3Fw4gLG0RM0dqdeIY1rE,12/10/20,-7,-9,-26,-25,16,2
NZ,New Zealand,,,,,,ChIJh5Z3Fw4gLG0RM0dqdeIY1rE,13/10/20,-5,-6,-19,-30,3,4
NZ,New Zealand,,,,,,ChIJh5Z3Fw4gLG0RM0dqdeIY1rE,14/10/20,-1,-5,-11,-27,4,2
NZ,New Zealand,,,,,,ChIJh5Z3Fw4gLG0RM0dqdeIY1rE,15/10/20,-1,-5,-25,-28,7,3
NZ,New Zealand,,,,,,ChIJh5Z3Fw4gLG0RM0dqdeIY1rE,16/10/20,5,-2,-11,-27,6,2
NZ,New Zealand,,,,,,ChIJh5Z3Fw4gLG0RM0dqdeIY1rE,17/10/20,10,1,3,-28,-1,2
NZ,New Zealand,,,,,,ChIJh5Z3Fw4gLG0RM0dqdeIY1rE,18/10/20,1,-5,-10,-33,-8,3
NZ,New Zealand,,,,,,ChIJh5Z3Fw4gLG0RM0dqdeIY1rE,19/10/20,-7,-9,-20,-26,16,2
NZ,New Zealand,,,,,,ChIJh5Z3Fw4gLG0RM0dqdeIY1rE,20/10/20,-5,-7,-10,-29,3,3
NZ,New Zealand,,,,,,ChIJh5Z3Fw4gLG0RM0dqdeIY1rE,21/10/20,-2,-7,-6,-27,4,2
NZ,New Zealand,,,,,,ChIJh5Z3Fw4gLG0RM0dqdeIY1rE,22/10/20,2,-1,-4,-23,6,1
NZ,New Zealand,,,,,,ChIJh5Z3Fw4gLG0RM0dqdeIY1rE,23/10/20,5,2,-4,-25,-3,2
NZ,New Zealand,,,,,,ChIJh5Z3Fw4gLG0RM0dqdeIY1rE,24/10/20,9,2,17,-25,-9,0
NZ,New Zealand,,,,,,ChIJh5Z3Fw4gLG0RM0dqdeIY1rE,25/10/20,11,-3,18,-34,-13,0
NZ,New Zealand,,,,,,ChIJh5Z3Fw4gLG0RM0dqdeIY1rE,26/10/20,4,-1,29,-47,-71,12
NZ,New Zealand,,,,,,ChIJh5Z3Fw4gLG0RM0dqdeIY1rE,27/10/20,-6,-3,-9,-28,0,3
NZ,New Zealand,,,,,,ChIJh5Z3Fw4gLG0RM0dqdeIY1rE,28/10/20,-2,-4,-7,-26,4,2
NZ,New Zealand,,,,,,ChIJh5Z3Fw4gLG0RM0dqdeIY1rE,29/10/20,-2,-4,-16,-26,8,2
NZ,New Zealand,,,,,,ChIJh5Z3Fw4gLG0RM0dqdeIY1rE,30/10/20,2,-3,-16,-26,7,2
NZ,New Zealand,,,,,,ChIJh5Z3Fw4gLG0RM0dqdeIY1rE,31/10/20,7,0,-16,-26,2,2
NZ,New Zealand,,,,,,ChIJh5Z3Fw4gLG0RM0dqdeIY1rE,1/11/20,2,-4,-3,-29,-7,3
NZ,New Zealand,,,,,,ChIJh5Z3Fw4gLG0RM0dqdeIY1rE,2/11/20,-5,-7,-9,-23,17,1
NZ,New Zealand,,,,,,ChIJh5Z3Fw4gLG0RM0dqdeIY1rE,3/11/20,-2,-6,-14,-29,4,3
NZ,New Zealand,,,,,,ChIJh5Z3Fw4gLG0RM0dqdeIY1rE,4/11/20,-1,-5,-5,-28,4,2
NZ,New Zealand,,,,,,ChIJh5Z3Fw4gLG0RM0dqdeIY1rE,5/11/20,-4,-7,-27,-30,6,4
NZ,New Zealand,,,,,,ChIJh5Z3Fw4gLG0RM0dqdeIY1rE,6/11/20,2,-2,-13,-28,5,2
NZ,New Zealand,,,,,,ChIJh5Z3Fw4gLG0RM0dqdeIY1rE,7/11/20,7,-3,-7,-30,0,3
NZ,New Zealand,,,,,,ChIJh5Z3Fw4gLG0RM0dqdeIY1rE,8/11/20,2,-3,-27,-37,-8,5
NZ,New Zealand,,,,,,ChIJh5Z3Fw4gLG0RM0dqdeIY1rE,9/11/20,-5,-8,-20,-25,16,2
NZ,New Zealand,,,,,,ChIJh5Z3Fw4gLG0RM0dqdeIY1rE,10/11/20,-3,-4,-20,-32,1,4
NZ,New Zealand,,,,,,ChIJh5Z3Fw4gLG0RM0dqdeIY1rE,11/11/20,2,-2,-8,-29,2,2
NZ,New Zealand,,,,,,ChIJh5Z3Fw4gLG0RM0dqdeIY1rE,12/11/20,3,0,-2,-25,4,1
NZ,New Zealand,,,,,,ChIJh5Z3Fw4gLG0RM0dqdeIY1rE,13/11/20,2,1,1,-35,-10,5
NZ,New Zealand,,,,,,ChIJh5Z3Fw4gLG0RM0dqdeIY1rE,14/11/20,6,-1,14,-28,-4,1
NZ,New Zealand,,,,,,ChIJh5Z3Fw4gLG0RM0dqdeIY1rE,15/11/20,6,0,5,-32,-8,2
NZ,New Zealand,,,,,,ChIJh5Z3Fw4gLG0RM0dqdeIY1rE,16/11/20,-2,-5,-8,-26,13,2
NZ,New Zealand,,,,,,ChIJh5Z3Fw4gLG0RM0dqdeIY1rE,17/11/20,0,-3,4,-30,0,3
NZ,New Zealand,,,,,,ChIJh5Z3Fw4gLG0RM0dqdeIY1rE,18/11/20,-1,-4,-16,-30,1,3
NZ,New Zealand,,,,,,ChIJh5Z3Fw4gLG0RM0dqdeIY1rE,19/11/20,3,0,-8,-26,3,2
NZ,New Zealand,,,,,,ChIJh5Z3Fw4gLG0RM0dqdeIY1rE,20/11/20,6,-1,-6,-25,2,2
NZ,New Zealand,,,,,,ChIJh5Z3Fw4gLG0RM0dqdeIY1rE,21/11/20,9,-1,4,-26,-1,2
NZ,New Zealand,,,,,,ChIJh5Z3Fw4gLG0RM0dqdeIY1rE,22/11/20,6,-1,-19,-34,-8,3
NZ,New Zealand,,,,,,ChIJh5Z3Fw4gLG0RM0dqdeIY1rE,23/11/20,-1,-5,-7,-24,13,1
NZ,New Zealand,,,,,,ChIJh5Z3Fw4gLG0RM0dqdeIY1rE,24/11/20,-1,-3,-15,-31,1,3
NZ,New Zealand,,,,,,ChIJh5Z3Fw4gLG0RM0dqdeIY1rE,25/11/20,0,-3,-23,-31,0,4
NZ,New Zealand,,,,,,ChIJh5Z3Fw4gLG0RM0dqdeIY1rE,26/11/20,5,-1,-17,-27,4,2
NZ,New Zealand,,,,,,ChIJh5Z3Fw4gLG0RM0dqdeIY1rE,27/11/20,14,1,-14,-23,3,1
NZ,New Zealand,,,,,,ChIJh5Z3Fw4gLG0RM0dqdeIY1rE,28/11/20,14,1,9,-25,2,0
NZ,New Zealand,,,,,,ChIJh5Z3Fw4gLG0RM0dqdeIY1rE,29/11/20,9,0,-26,-33,-7,3
NZ,New Zealand,,,,,,ChIJh5Z3Fw4gLG0RM0dqdeIY1rE,30/11/20,0,-6,-28,-26,13,2
NZ,New Zealand,,,,,,ChIJh5Z3Fw4gLG0RM0dqdeIY1rE,1/12/20,1,-2,-5,-31,1,3
NZ,New Zealand,,,,,,ChIJh5Z3Fw4gLG0RM0dqdeIY1rE,2/12/20,5,-2,1,-28,2,2
NZ,New Zealand,,,,,,ChIJh5Z3Fw4gLG0RM0dqdeIY1rE,3/12/20,6,4,-8,-25,5,2
NZ,New Zealand,,,,,,ChIJh5Z3Fw4gLG0RM0dqdeIY1rE,4/12/20,8,0,-6,-26,4,1
NZ,New Zealand,,,,,,ChIJh5Z3Fw4gLG0RM0dqdeIY1rE,5/12/20,10,1,-5,-26,3,1
NZ,New Zealand,,,,,,ChIJh5Z3Fw4gLG0RM0dqdeIY1rE,6/12/20,10,3,-3,-28,-5,1
NZ,New Zealand,,,,,,ChIJh5Z3Fw4gLG0RM0dqdeIY1rE,7/12/20,3,-2,-11,-25,13,1
NZ,New Zealand,,,,,,ChIJh5Z3Fw4gLG0RM0dqdeIY1rE,8/12/20,7,1,-3,-29,1,2
NZ,New Zealand,,,,,,ChIJh5Z3Fw4gLG0RM0dqdeIY1rE,9/12/20,8,1,-9,-27,1,2
NZ,New Zealand,,,,,,ChIJh5Z3Fw4gLG0RM0dqdeIY1rE,10/12/20,11,1,-14,-26,3,1
NZ,New Zealand,,,,,,ChIJh5Z3Fw4gLG0RM0dqdeIY1rE,11/12/20,10,0,-14,-26,1,1
NZ,New Zealand,,,,,,ChIJh5Z3Fw4gLG0RM0dqdeIY1rE,12/12/20,13,2,-2,-25,6,0
NZ,New Zealand,,,,,,ChIJh5Z3Fw4gLG0RM0dqdeIY1rE,13/12/20,10,2,-13,-33,-3,2
NZ,New Zealand,,,,,,ChIJh5Z3Fw4gLG0RM0dqdeIY1rE,14/12/20,11,2,-2,-24,11,0
NZ,New Zealand,,,,,,ChIJh5Z3Fw4gLG0RM0dqdeIY1rE,15/12/20,12,4,7,-28,-3,2
NZ,New Zealand,,,,,,ChIJh5Z3Fw4gLG0RM0dqdeIY1rE,16/12/20,14,5,0,-27,-3,2
NZ,New Zealand,,,,,,ChIJh5Z3Fw4gLG0RM0dqdeIY1rE,17/12/20,15,6,-8,-26,-1,2
NZ,New Zealand,,,,,,ChIJh5Z3Fw4gLG0RM0dqdeIY1rE,18/12/20,14,5,-10,-24,-1,2
NZ,New Zealand,,,,,,ChIJh5Z3Fw4gLG0RM0dqdeIY1rE,19/12/20,11,7,-4,-21,5,1
NZ,New Zealand,,,,,,ChIJh5Z3Fw4gLG0RM0dqdeIY1rE,20/12/20,12,4,-6,-28,-2,1
NZ,New Zealand,,,,,,ChIJh5Z3Fw4gLG0RM0dqdeIY1rE,21/12/20,23,13,-10,-26,-2,2
NZ,New Zealand,,,,,,ChIJh5Z3Fw4gLG0RM0dqdeIY1rE,22/12/20,27,21,-3,-30,-15,4
NZ,New Zealand,,,,,,ChIJh5Z3Fw4gLG0RM0dqdeIY1rE,23/12/20,32,39,-15,-28,-21,4
NZ,New Zealand,,,,,,ChIJh5Z3Fw4gLG0RM0dqdeIY1rE,24/12/20,20,62,-23,-40,-44,9
NZ,New Zealand,,,,,,ChIJh5Z3Fw4gLG0RM0dqdeIY1rE,25/12/20,-83,-89,-13,-72,-84,17
NZ,New Zealand,,,,,,ChIJh5Z3Fw4gLG0RM0dqdeIY1rE,26/12/20,-7,-16,-11,-33,-35,4
NZ,New Zealand,,,,,,ChIJh5Z3Fw4gLG0RM0dqdeIY1rE,27/12/20,5,-8,0,-35,-18,2
NZ,New Zealand,,,,,,ChIJh5Z3Fw4gLG0RM0dqdeIY1rE,28/12/20,13,3,56,-47,-71,12
NZ,New Zealand,,,,,,ChIJh5Z3Fw4gLG0RM0dqdeIY1rE,29/12/20,10,8,50,-48,-60,12
NZ,New Zealand,,,,,,ChIJh5Z3Fw4gLG0RM0dqdeIY1rE,30/12/20,8,13,47,-48,-59,11
NZ,New Zealand,,,,,,ChIJh5Z3Fw4gLG0RM0dqdeIY1rE,31/12/20,11,29,56,-43,-58,7