country_region_code,country_region,sub_region_1,sub_region_2,metro_area,iso_3166_2_code,census_fips_code,place_id,date,retail_and_recreation_percent_change_from_baseline,grocery_and_pharmacy_percent_change_from_baseline,parks_percent_change_from_baseline,transit_stations_percent_change_from_baseline,workplaces_percent_change_from_baseline,residential_percent_change_from_baseline
NZ,New Zealand,,,,,,ChIJh5Z3Fw4gLG0RM0dqdeIY1rE,1/1/21,-32,-26,41,-61,-78,19
NZ,New Zealand,,,,,,ChIJh5Z3Fw4gLG0RM0dqdeIY1rE,2/1/21,-14,-10,-9,-41,-32,7
NZ,New Zealand,,,,,,ChIJh5Z3Fw4gLG0RM0dqdeIY1rE,3/1/21,-1,-6,-8,-38,-15,4
NZ,New Zealand,,,,,,ChIJh5Z3Fw4gLG0RM0dqdeIY1rE,4/1/21,3,4,60,-48,-70,14
NZ,New Zealand,,,,,,ChIJh5Z3Fw4gLG0RM0dqdeIY1rE,5/1/21,5,8,40,-45,-43,10
NZ,New Zealand,,,,,,ChIJh5Z3Fw4gLG0RM0dqdeIY1rE,6/1/21,3,4,37,-44,-40,9
NZ,New Zealand,,,,,,ChIJh5Z3Fw4gLG0RM0dqdeIY1rE,7/1/21,1,3,11,-45,-37,10
NZ,New Zealand,,,,,,ChIJh5Z3Fw4gLG0RM0dqdeIY1rE,8/1/21,-1,0,-7,-47,-36,12
NZ,New Zealand,,,,,,ChIJh5Z3Fw4gLG0RM0dqdeIY1rE,9/1/21,-4,-5,13,-33,-8,3
NZ,New Zealand,,,,,,ChIJh5Z3Fw4gLG0RM0dqdeIY1rE,10/1/21,-3,-4,2,-37,-8,3
NZ,New Zealand,,,,,,ChIJh5Z3Fw4gLG0RM0dqdeIY1rE,11/1/21,2,-1,8,-33,-5,4
NZ,New Zealand,,,,,,ChIJh5Z3Fw4gLG0RM0dqdeIY1rE,12/1/21,0,-2,20,-38,-17,5
NZ,New Zealand,,,,,,ChIJh5Z3Fw4gLG0RM0dqdeIY1rE,13/1/21,-1,-2,15,-37,-15,5
NZ,New Zealand,,,,,,ChIJh5Z3Fw4gLG0RM0dqdeIY1rE,14/1/21,-3,-3,10,-37,-13,4
NZ,New Zealand,,,,,,ChIJh5Z3Fw4gLG0RM0dqdeIY1rE,15/1/21,-4,-5,5,-39,-15,5
NZ,New Zealand,,,,,,ChIJh5Z3Fw4gLG0RM0dqdeIY1rE,16/1/21,-4,-7,14,-32,-7,2
NZ,New Zealand,,,,,,ChIJh5Z3Fw4gLG0RM0dqdeIY1rE,17/1/21,-5,-7,-14,-41,-10,3
NZ,New Zealand,,,,,,ChIJh5Z3Fw4gLG0RM0dqdeIY1rE,18/1/21,-3,-7,-4,-32,1,2
NZ,New Zealand,,,,,,ChIJh5Z3Fw4gLG0RM0dqdeIY1rE,19/1/21,-3,-5,-8,-37,-11,5
NZ,New Zealand,,,,,,ChIJh5Z3Fw4gLG0RM0dqdeIY1rE,20/1/21,-3,-6,-14,-37,-11,5
NZ,New Zealand,,,,,,ChIJh5Z3Fw4gLG0RM0dqdeIY1rE,21/1/21,-2,-5,-13,-36,-8,4
NZ,New Zealand,,,,,,ChIJh5Z3Fw4gLG0RM0dqdeIY1rE,22/1/21,-1,-5,-3,-35,-9,4
NZ,New Zealand,,,,,,ChIJh5Z3Fw4gLG0RM0dqdeIY1rE,23/1/21,0,-5,4,-31,-5,2
NZ,New Zealand,,,,,,ChIJh5Z3Fw4gLG0RM0dqdeIY1rE,24/1/21,0,-3,-5,-40,-8,2
NZ,New Zealand,,,,,,ChIJh5Z3Fw4gLG0RM0dqdeIY1rE,25/1/21,-2,-5,13,-37,-9,3
NZ,New Zealand,,,,,,ChIJh5Z3Fw4gLG0RM0dqdeIY1rE,26/1/21,-2,-4,17,-35,-9,3
NZ,New Zealand,,,,,,ChIJh5Z3Fw4gLG0RM0dqdeIY1rE,27/1/21,-1,-5,10,-34,-8,3
NZ,New Zealand,,,,,,ChIJh5Z3Fw4gLG0RM0dqdeIY1rE,28/1/21,-1,-4,-10,-35,-5,4
NZ,New Zealand,,,,,,ChIJh5Z3Fw4gLG0RM0dqdeIY1rE,29/1/21,1,-1,-8,-35,-6,4
NZ,New Zealand,,,,,,ChIJh5Z3Fw4gLG0RM0dqdeIY1rE,30/1/21,3,-1,15,-31,-4,1
NZ,New Zealand,,,,,,ChIJh5Z3Fw4gLG0RM0dqdeIY1rE,31/1/21,4,-2,16,-32,-7,1
NZ,New Zealand,,,,,,ChIJh5Z3Fw4gLG0RM0dqdeIY1rE,1/2/21,2,1,32,-40,-36,7
NZ,New Zealand,,,,,,ChIJh5Z3Fw4gLG0RM0dqdeIY1rE,2/2/21,0,1,7,-32,-5,2
NZ,New Zealand,,,,,,ChIJh5Z3Fw4gLG0RM0dqdeIY1rE,3/2/21,0,-2,6,-30,-3,2
NZ,New Zealand,,,,,,ChIJh5Z3Fw4gLG0RM0dqdeIY1rE,4/2/21,-2,-2,-4,-30,1,2
NZ,New Zealand,,,,,,ChIJh5Z3Fw4gLG0RM0dqdeIY1rE,5/2/21,1,0,-1,-31,-2,2
NZ,New Zealand,,,,,,ChIJh5Z3Fw4gLG0RM0dqdeIY1rE,6/2/21,1,0,23,-33,-11,2
NZ,New Zealand,,,,,,ChIJh5Z3Fw4gLG0RM0dqdeIY1rE,7/2/21,6,-4,24,-37,-9,0
NZ,New Zealand,,,,,,ChIJh5Z3Fw4gLG0RM0dqdeIY1rE,8/2/21,-1,2,40,-51,-70,12
NZ,New Zealand,,,,,,ChIJh5Z3Fw4gLG0RM0dqdeIY1rE,9/2/21,-6,-3,-9,-29,-1,2
NZ,New Zealand,,,,,,ChIJh5Z3Fw4gLG0RM0dqdeIY1rE,10/2/21,-4,-4,-19,-29,0,3
NZ,New Zealand,,,,,,ChIJh5Z3Fw4gLG0RM0dqdeIY1rE,11/2/21,0,-1,-6,-27,4,2
NZ,New Zealand,,,,,,ChIJh5Z3Fw4gLG0RM0dqdeIY1rE,12/2/21,3,-2,-5,-29,3,2
NZ,New Zealand,,,,,,ChIJh5Z3Fw4gLG0RM0dqdeIY1rE,13/2/21,8,0,18,-25,1,1
NZ,New Zealand,,,,,,ChIJh5Z3Fw4gLG0RM0dqdeIY1rE,14/2/21,12,6,4,-31,-1,2
NZ,New Zealand,,,,,,ChIJh5Z3Fw4gLG0RM0dqdeIY1rE,15/2/21,-27,-13,-38,-50,-8,10
NZ,New Zealand,,,,,,ChIJh5Z3Fw4gLG0RM0dqdeIY1rE,16/2/21,-24,-6,-24,-55,-20,12
NZ,New Zealand,,,,,,ChIJh5Z3Fw4gLG0RM0dqdeIY1rE,17/2/21,-20,-4,-11,-52,-17,10
NZ,New Zealand,,,,,,ChIJh5Z3Fw4gLG0RM0dqdeIY1rE,18/2/21,-1,4,-3,-36,1,4
NZ,New Zealand,,,,,,ChIJh5Z3Fw4gLG0RM0dqdeIY1rE,19/2/21,2,3,-2,-35,1,3
NZ,New Zealand,,,,,,ChIJh5Z3Fw4gLG0RM0dqdeIY1rE,20/2/21,7,5,18,-33,0,2
NZ,New Zealand,,,,,,ChIJh5Z3Fw4gLG0RM0dqdeIY1rE,21/2/21,3,4,8,-35,-5,3
NZ,New Zealand,,,,,,ChIJh5Z3Fw4gLG0RM0dqdeIY1rE,22/2/21,-1,-1,2,-25,14,1
NZ,New Zealand,,,,,,ChIJh5Z3Fw4gLG0RM0dqdeIY1rE,23/2/21,0,0,5,-29,1,2
NZ,New Zealand,,,,,,ChIJh5Z3Fw4gLG0RM0dqdeIY1rE,24/2/21,1,1,1,-27,2,2
NZ,New Zealand,,,,,,ChIJh5Z3Fw4gLG0RM0dqdeIY1rE,25/2/21,2,1,-5,-27,5,2
NZ,New Zealand,,,,,,ChIJh5Z3Fw4gLG0RM0dqdeIY1rE,26/2/21,5,2,-1,-28,4,2
NZ,New Zealand,,,,,,ChIJh5Z3Fw4gLG0RM0dqdeIY1rE,27/2/21,9,4,19,-29,0,1
NZ,New Zealand,,,,,,ChIJh5Z3Fw4gLG0RM0dqdeIY1rE,28/2/21,-20,-3,-16,-46,-14,7
NZ,New Zealand,,,,,,ChIJh5Z3Fw4gLG0RM0dqdeIY1rE,1/3/21,-22,-6,-19,-46,-4,8
NZ,New Zealand,,,,,,ChIJh5Z3Fw4gLG0RM0dqdeIY1rE,2/3/21,-20,-2,-10,-52,-16,10
NZ,New Zealand,,,,,,ChIJh5Z3Fw4gLG0RM0dqdeIY1rE,3/3/21,-19,-3,-20,-53,-15,11
NZ,New Zealand,,,,,,ChIJh5Z3Fw4gLG0RM0dqdeIY1rE,4/3/21,-19,-2,-21,-52,-12,11
NZ,New Zealand,,,,,,ChIJh5Z3Fw4gLG0RM0dqdeIY1rE,5/3/21,-17,-2,-23,-54,-12,11
NZ,New Zealand,,,,,,ChIJh5Z3Fw4gLG0RM0dqdeIY1rE,6/3/21,-14,-2,-16,-54,-8,10
NZ,New Zealand,,,,,,ChIJh5Z3Fw4gLG0RM0dqdeIY1rE,7/3/21,9,7,-16,-44,-4,5
NZ,New Zealand,,,,,,ChIJh5Z3Fw4gLG0RM0dqdeIY1rE,8/3/21,0,-1,-11,-29,13,2
NZ,New Zealand,,,,,,ChIJh5Z3Fw4gLG0RM0dqdeIY1rE,9/3/21,0,-1,0,-32,1,3
NZ,New Zealand,,,,,,ChIJh5Z3Fw4gLG0RM0dqdeIY1rE,10/3/21,0,0,-12,-31,1,3
NZ,New Zealand,,,,,,ChIJh5Z3Fw4gLG0RM0dqdeIY1rE,11/3/21,1,4,-14,-28,5,3
NZ,New Zealand,,,,,,ChIJh5Z3Fw4gLG0RM0dqdeIY1rE,12/3/21,5,3,-6,-28,4,2
NZ,New Zealand,,,,,,ChIJh5Z3Fw4gLG0RM0dqdeIY1rE,13/3/21,11,5,16,-27,1,2
NZ,New Zealand,,,,,,ChIJh5Z3Fw4gLG0RM0dqdeIY1rE,14/3/21,8,6,8,-29,-3,2
NZ,New Zealand,,,,,,ChIJh5Z3Fw4gLG0RM0dqdeIY1rE,15/3/21,-1,-1,-5,-19,18,0
NZ,New Zealand,,,,,,ChIJh5Z3Fw4gLG0RM0dqdeIY1rE,16/3/21,1,2,0,-23,4,2
NZ,New Zealand,,,,,,ChIJh5Z3Fw4gLG0RM0dqdeIY1rE,17/3/21,4,1,3,-21,5,1
NZ,New Zealand,,,,,,ChIJh5Z3Fw4gLG0RM0dqdeIY1rE,18/3/21,4,5,-8,-23,8,1
NZ,New Zealand,,,,,,ChIJh5Z3Fw4gLG0RM0dqdeIY1rE,19/3/21,9,4,-5,-24,6,1
NZ,New Zealand,,,,,,ChIJh5Z3Fw4gLG0RM0dqdeIY1rE,20/3/21,14,4,14,-26,0,2
NZ,New Zealand,,,,,,ChIJh5Z3Fw4gLG0RM0dqdeIY1rE,21/3/21,11,5,-1,-30,-3,2
NZ,New Zealand,,,,,,ChIJh5Z3Fw4gLG0RM0dqdeIY1rE,22/3/21,1,1,-5,-19,16,1
NZ,New Zealand,,,,,,ChIJh5Z3Fw4gLG0RM0dqdeIY1rE,23/3/21,2,1,5,-24,5,1
NZ,New Zealand,,,,,,ChIJh5Z3Fw4gLG0RM0dqdeIY1rE,24/3/21,4,2,-3,-23,4,2
NZ,New Zealand,,,,,,ChIJh5Z3Fw4gLG0RM0dqdeIY1rE,25/3/21,6,6,-5,-22,8,1
NZ,New Zealand,,,,,,ChIJh5Z3Fw4gLG0RM0dqdeIY1rE,26/3/21,9,3,-7,-25,5,2
NZ,New Zealand,,,,,,ChIJh5Z3Fw4gLG0RM0dqdeIY1rE,27/3/21,15,4,8,-27,2,2
NZ,New Zealand,,,,,,ChIJh5Z3Fw4gLG0RM0dqdeIY1rE,28/3/21,10,5,-11,-34,-4,3
NZ,New Zealand,,,,,,ChIJh5Z3Fw4gLG0RM0dqdeIY1rE,29/3/21,1,0,-18,-22,19,1
NZ,New Zealand,,,,,,ChIJh5Z3Fw4gLG0RM0dqdeIY1rE,30/3/21,3,4,-15,-27,5,3
NZ,New Zealand,,,,,,ChIJh5Z3Fw4gLG0RM0dqdeIY1rE,31/3/21,7,8,-19,-24,5,2
NZ,New Zealand,,,,,,ChIJh5Z3Fw4gLG0RM0dqdeIY1rE,1/4/21,22,40,-16,-20,5,-1
NZ,New Zealand,,,,,,ChIJh5Z3Fw4gLG0RM0dqdeIY1rE,2/4/21,-45,-68,11,-59,-77,21
NZ,New Zealand,,,,,,ChIJh5Z3Fw4gLG0RM0dqdeIY1rE,3/4/21,21,32,19,-33,-15,2
NZ,New Zealand,,,,,,ChIJh5Z3Fw4gLG0RM0dqdeIY1rE,4/4/21,-22,-52,17,-46,-24,3
NZ,New Zealand,,,,,,ChIJh5Z3Fw4gLG0RM0dqdeIY1rE,5/4/21,15,18,20,-49,-71,12
NZ,New Zealand,,,,,,ChIJh5Z3Fw4gLG0RM0dqdeIY1rE,6/4/21,6,9,2,-32,-14,5
NZ,New Zealand,,,,,,ChIJh5Z3Fw4gLG0RM0dqdeIY1rE,7/4/21,2,3,-7,-26,3,2
NZ,New Zealand,,,,,,ChIJh5Z3Fw4gLG0RM0dqdeIY1rE,8/4/21,3,4,-9,-25,8,2
NZ,New Zealand,,,,,,ChIJh5Z3Fw4gLG0RM0dqdeIY1rE,9/4/21,6,3,-20,-28,7,3
NZ,New Zealand,,,,,,ChIJh5Z3Fw4gLG0RM0dqdeIY1rE,10/4/21,8,2,-27,-40,-2,6
NZ,New Zealand,,,,,,ChIJh5Z3Fw4gLG0RM0dqdeIY1rE,11/4/21,11,4,-10,-32,-5,4
NZ,New Zealand,,,,,,ChIJh5Z3Fw4gLG0RM0dqdeIY1rE,12/4/21,1,-1,-14,-20,21,1
NZ,New Zealand,,,,,,ChIJh5Z3Fw4gLG0RM0dqdeIY1rE,13/4/21,4,4,-8,-25,6,2
NZ,New Zealand,,,,,,ChIJh5Z3Fw4gLG0RM0dqdeIY1rE,14/4/21,4,3,-21,-25,6,3
NZ,New Zealand,,,,,,ChIJh5Z3Fw4gLG0RM0dqdeIY1rE,15/4/21,6,4,-17,-23,10,2
NZ,New Zealand,,,,,,ChIJh5Z3Fw4gLG0RM0dqdeIY1rE,16/4/21,9,4,-18,-25,8,3
NZ,New Zealand,,,,,,ChIJh5Z3Fw4gLG0RM0dqdeIY1rE,17/4/21,15,6,-6,-29,0,3
NZ,New Zealand,,,,,,ChIJh5Z3Fw4gLG0RM0dqdeIY1rE,18/4/21,12,4,-10,-31,-6,3
NZ,New Zealand,,,,,,ChIJh5Z3Fw4gLG0RM0dqdeIY1rE,19/4/21,7,3,-7,-18,7,3
NZ,New Zealand,,,,,,ChIJh5Z3Fw4gLG0RM0dqdeIY1rE,20/4/21,7,3,-13,-27,-6,5
NZ,New Zealand,,,,,,ChIJh5Z3Fw4gLG0RM0dqdeIY1rE,21/4/21,11,6,-6,-25,-7,4
NZ,New Zealand,,,,,,ChIJh5Z3Fw4gLG0RM0dqdeIY1rE,22/4/21,12,7,-2,-22,-3,3
NZ,New Zealand,,,,,,ChIJh5Z3Fw4gLG0RM0dqdeIY1rE,23/4/21,13,8,-13,-27,-8,5
NZ,New Zealand,,,,,,ChIJh5Z3Fw4gLG0RM0dqdeIY1rE,24/4/21,19,11,7,-21,-6,2
NZ,New Zealand,,,,,,ChIJh5Z3Fw4gLG0RM0dqdeIY1rE,25/4/21,9,-8,7,-31,-13,3
NZ,New Zealand,,,,,,ChIJh5Z3Fw4gLG0RM0dqdeIY1rE,26/4/21,14,12,16,-47,-70,15
NZ,New Zealand,,,,,,ChIJh5Z3Fw4gLG0RM0dqdeIY1rE,27/4/21,7,8,-12,-28,-7,5
NZ,New Zealand,,,,,,ChIJh5Z3Fw4gLG0RM0dqdeIY1rE,28/4/21,10,6,-5,-25,-6,4
NZ,New Zealand,,,,,,ChIJh5Z3Fw4gLG0RM0dqdeIY1rE,29/4/21,11,7,-5,-24,-2,4
NZ,New Zealand,,,,,,ChIJh5Z3Fw4gLG0RM0dqdeIY1rE,30/4/21,12,7,-17,-26,-3,5
NZ,New Zealand,,,,,,ChIJh5Z3Fw4gLG0RM0dqdeIY1rE,1/5/21,16,6,8,-26,1,3
NZ,New Zealand,,,,,,ChIJh5Z3Fw4gLG0RM0dqdeIY1rE,2/5/21,13,9,-6,-29,-4,3
NZ,New Zealand,,,,,,ChIJh5Z3Fw4gLG0RM0dqdeIY1rE,3/5/21,4,2,-13,-15,23,1
NZ,New Zealand,,,,,,ChIJh5Z3Fw4gLG0RM0dqdeIY1rE,4/5/21,6,5,-6,-22,8,2
NZ,New Zealand,,,,,,ChIJh5Z3Fw4gLG0RM0dqdeIY1rE,5/5/21,6,5,-9,-20,8,2
NZ,New Zealand,,,,,,ChIJh5Z3Fw4gLG0RM0dqdeIY1rE,6/5/21,7,6,-12,-20,11,2
NZ,New Zealand,,,,,,ChIJh5Z3Fw4gLG0RM0dqdeIY1rE,7/5/21,12,7,-20,-23,10,3
NZ,New Zealand,,,,,,ChIJh5Z3Fw4gLG0RM0dqdeIY1rE,8/5/21,22,15,10,-29,1,3
NZ,New Zealand,,,,,,ChIJh5Z3Fw4gLG0RM0dqdeIY1rE,9/5/21,21,11,-31,-36,-4,4
NZ,New Zealand,,,,,,ChIJh5Z3Fw4gLG0RM0dqdeIY1rE,10/5/21,2,1,-21,-17,22,2
NZ,New Zealand,,,,,,ChIJh5Z3Fw4gLG0RM0dqdeIY1rE,11/5/21,5,7,-16,-23,7,3
NZ,New Zealand,,,,,,ChIJh5Z3Fw4gLG0RM0dqdeIY1rE,12/5/21,6,7,-20,-20,6,3
NZ,New Zealand,,,,,,ChIJh5Z3Fw4gLG0RM0dqdeIY1rE,13/5/21,10,10,-14,-21,8,3
NZ,New Zealand,,,,,,ChIJh5Z3Fw4gLG0RM0dqdeIY1rE,14/5/21,12,8,-20,-23,8,3
NZ,New Zealand,,,,,,ChIJh5Z3Fw4gLG0RM0dqdeIY1rE,15/5/21,21,11,14,-28,-2,3
NZ,New Zealand,,,,,,ChIJh5Z3Fw4gLG0RM0dqdeIY1rE,16/5/21,14,11,-16,-31,-5,4
NZ,New Zealand,,,,,,ChIJh5Z3Fw4gLG0RM0dqdeIY1rE,17/5/21,3,5,-26,-17,23,2
NZ,New Zealand,,,,,,ChIJh5Z3Fw4gLG0RM0dqdeIY1rE,18/5/21,5,7,-20,-23,8,4
NZ,New Zealand,,,,,,ChIJh5Z3Fw4gLG0RM0dqdeIY1rE,19/5/21,8,8,-16,-21,8,3
NZ,New Zealand,,,,,,ChIJh5Z3Fw4gLG0RM0dqdeIY1rE,20/5/21,11,11,-11,-22,12,2
NZ,New Zealand,,,,,,ChIJh5Z3Fw4gLG0RM0dqdeIY1rE,21/5/21,12,10,-22,-23,11,3
NZ,New Zealand,,,,,,ChIJh5Z3Fw4gLG0RM0dqdeIY1rE,22/5/21,21,10,12,-26,1,3
NZ,New Zealand,,,,,,ChIJh5Z3Fw4gLG0RM0dqdeIY1rE,23/5/21,12,10,-28,-37,-5,5
NZ,New Zealand,,,,,,ChIJh5Z3Fw4gLG0RM0dqdeIY1rE,24/5/21,3,5,-26,-18,23,2
NZ,New Zealand,,,,,,ChIJh5Z3Fw4gLG0RM0dqdeIY1rE,25/5/21,7,10,-13,-23,9,3
NZ,New Zealand,,,,,,ChIJh5Z3Fw4gLG0RM0dqdeIY1rE,26/5/21,9,9,-9,-21,9,3
NZ,New Zealand,,,,,,ChIJh5Z3Fw4gLG0RM0dqdeIY1rE,27/5/21,10,9,-14,-20,13,3
NZ,New Zealand,,,,,,ChIJh5Z3Fw4gLG0RM0dqdeIY1rE,28/5/21,11,9,-28,-24,12,4
NZ,New Zealand,,,,,,ChIJh5Z3Fw4gLG0RM0dqdeIY1rE,29/5/21,15,10,-15,-35,0,6
NZ,New Zealand,,,,,,ChIJh5Z3Fw4gLG0RM0dqdeIY1rE,30/5/21,10,7,-40,-38,-5,6
NZ,New Zealand,,,,,,ChIJh5Z3Fw4gLG0RM0dqdeIY1rE,31/5/21,2,5,-31,-22,23,4
NZ,New Zealand,,,,,,ChIJh5Z3Fw4gLG0RM0dqdeIY1rE,1/6/21,8,10,-14,-24,9,4
NZ,New Zealand,,,,,,ChIJh5Z3Fw4gLG0RM0dqdeIY1rE,2/6/21,9,10,-16,-22,9,3
NZ,New Zealand,,,,,,ChIJh5Z3Fw4gLG0RM0dqdeIY1rE,3/6/21,11,14,-18,-21,14,3
NZ,New Zealand,,,,,,ChIJh5Z3Fw4gLG0RM0dqdeIY1rE,4/6/21,16,13,-18,-24,5,4
NZ,New Zealand,,,,,,ChIJh5Z3Fw4gLG0RM0dqdeIY1rE,5/6/21,23,15,-4,-32,-6,3
NZ,New Zealand,,,,,,ChIJh5Z3Fw4gLG0RM0dqdeIY1rE,6/6/21,22,7,-30,-43,-10,4
NZ,New Zealand,,,,,,ChIJh5Z3Fw4gLG0RM0dqdeIY1rE,7/6/21,12,12,-27,-53,-73,17
NZ,New Zealand,,,,,,ChIJh5Z3Fw4gLG0RM0dqdeIY1rE,8/6/21,4,12,-17,-25,7,4
NZ,New Zealand,,,,,,ChIJh5Z3Fw4gLG0RM0dqdeIY1rE,9/6/21,7,10,-15,-24,9,4
NZ,New Zealand,,,,,,ChIJh5Z3Fw4gLG0RM0dqdeIY1rE,10/6/21,9,11,-15,-23,14,3
NZ,New Zealand,,,,,,ChIJh5Z3Fw4gLG0RM0dqdeIY1rE,11/6/21,12,10,-24,-25,13,4
NZ,New Zealand,,,,,,ChIJh5Z3Fw4gLG0RM0dqdeIY1rE,12/6/21,20,10,15,-30,2,4
NZ,New Zealand,,,,,,ChIJh5Z3Fw4gLG0RM0dqdeIY1rE,13/6/21,12,10,-31,-39,-4,5
NZ,New Zealand,,,,,,ChIJh5Z3Fw4gLG0RM0dqdeIY1rE,14/6/21,3,5,-33,-21,24,3
NZ,New Zealand,,,,,,ChIJh5Z3Fw4gLG0RM0dqdeIY1rE,15/6/21,6,9,-24,-27,9,4
NZ,New Zealand,,,,,,ChIJh5Z3Fw4gLG0RM0dqdeIY1rE,16/6/21,9,9,-18,-24,8,3
NZ,New Zealand,,,,,,ChIJh5Z3Fw4gLG0RM0dqdeIY1rE,17/6/21,10,10,-22,-24,12,3
NZ,New Zealand,,,,,,ChIJh5Z3Fw4gLG0RM0dqdeIY1rE,18/6/21,12,9,-28,-27,9,4
NZ,New Zealand,,,,,,ChIJh5Z3Fw4gLG0RM0dqdeIY1rE,19/6/21,18,9,-15,-32,-2,5
NZ,New Zealand,,,,,,ChIJh5Z3Fw4gLG0RM0dqdeIY1rE,20/6/21,10,7,-43,-40,-6,6
NZ,New Zealand,,,,,,ChIJh5Z3Fw4gLG0RM0dqdeIY1rE,21/6/21,4,4,-27,-22,22,3
NZ,New Zealand,,,,,,ChIJh5Z3Fw4gLG0RM0dqdeIY1rE,22/6/21,7,10,-14,-25,8,4
NZ,New Zealand,,,,,,ChIJh5Z3Fw4gLG0RM0dqdeIY1rE,23/6/21,8,9,-16,-24,7,4
NZ,New Zealand,,,,,,ChIJh5Z3Fw4gLG0RM0dqdeIY1rE,24/6/21,8,10,-18,-29,9,4
NZ,New Zealand,,,,,,ChIJh5Z3Fw4gLG0RM0dqdeIY1rE,25/6/21,11,11,-29,-31,8,5
NZ,New Zealand,,,,,,ChIJh5Z3Fw4gLG0RM0dqdeIY1rE,26/6/21,18,11,-1,-36,-1,5
NZ,New Zealand,,,,,,ChIJh5Z3Fw4gLG0RM0dqdeIY1rE,27/6/21,9,8,-43,-44,-8,7
NZ,New Zealand,,,,,,ChIJh5Z3Fw4gLG0RM0dqdeIY1rE,28/6/21,3,7,-30,-27,20,4
NZ,New Zealand,,,,,,ChIJh5Z3Fw4gLG0RM0dqdeIY1rE,29/6/21,1,6,-30,-36,4,6
NZ,New Zealand,,,,,,ChIJh5Z3Fw4gLG0RM0dqdeIY1rE,30/6/21,4,5,-21,-31,3,3
NZ,New Zealand,,,,,,ChIJh5Z3Fw4gLG0RM0dqdeIY1rE,1/7/21,10,11,-15,-26,11,4
NZ,New Zealand,,,,,,ChIJh5Z3Fw4gLG0RM0dqdeIY1rE,2/7/21,13,11,-20,-27,9,4
NZ,New Zealand,,,,,,ChIJh5Z3Fw4gLG0RM0dqdeIY1rE,3/7/21,22,12,17,-24,-1,4
NZ,New Zealand,,,,,,ChIJh5Z3Fw4gLG0RM0dqdeIY1rE,4/7/21,16,12,-12,-33,-6,4
NZ,New Zealand,,,,,,ChIJh5Z3Fw4gLG0RM0dqdeIY1rE,5/7/21,6,8,-20,-19,22,3
NZ,New Zealand,,,,,,ChIJh5Z3Fw4gLG0RM0dqdeIY1rE,6/7/21,8,13,-21,-26,7,5
NZ,New Zealand,,,,,,ChIJh5Z3Fw4gLG0RM0dqdeIY1rE,7/7/21,9,12,-24,-26,6,5
NZ,New Zealand,,,,,,ChIJh5Z3Fw4gLG0RM0dqdeIY1rE,8/7/21,10,13,-22,-24,11,4
NZ,New Zealand,,,,,,ChIJh5Z3Fw4gLG0RM0dqdeIY1rE,9/7/21,13,12,-27,-26,9,5
NZ,New Zealand,,,,,,ChIJh5Z3Fw4gLG0RM0dqdeIY1rE,10/7/21,22,13,10,-25,-2,4
NZ,New Zealand,,,,,,ChIJh5Z3Fw4gLG0RM0dqdeIY1rE,11/7/21,15,10,-26,-33,-8,5
NZ,New Zealand,,,,,,ChIJh5Z3Fw4gLG0RM0dqdeIY1rE,12/7/21,12,9,-23,-23,5,5
NZ,New Zealand,,,,,,ChIJh5Z3Fw4gLG0RM0dqdeIY1rE,13/7/21,13,13,-11,-29,-7,6
NZ,New Zealand,,,,,,ChIJh5Z3Fw4gLG0RM0dqdeIY1rE,14/7/21,16,13,-9,-25,-7,5
NZ,New Zealand,,,,,,ChIJh5Z3Fw4gLG0RM0dqdeIY1rE,15/7/21,16,15,-17,-25,-4,5
NZ,New Zealand,,,,,,ChIJh5Z3Fw4gLG0RM0dqdeIY1rE,16/7/21,16,15,-21,-29,-7,7
NZ,New Zealand,,,,,,ChIJh5Z3Fw4gLG0RM0dqdeIY1rE,17/7/21,11,8,-39,-38,-8,7
NZ,New Zealand,,,,,,ChIJh5Z3Fw4gLG0RM0dqdeIY1rE,18/7/21,15,10,-33,-34,-9,5
NZ,New Zealand,,,,,,ChIJh5Z3Fw4gLG0RM0dqdeIY1rE,19/7/21,13,11,-20,-20,6,4
NZ,New Zealand,,,,,,ChIJh5Z3Fw4gLG0RM0dqdeIY1rE,20/7/21,16,15,-5,-25,-5,5
NZ,New Zealand,,,,,,ChIJh5Z3Fw4gLG0RM0dqdeIY1rE,21/7/21,14,10,-25,-26,-6,6
NZ,New Zealand,,,,,,ChIJh5Z3Fw4gLG0RM0dqdeIY1rE,22/7/21,16,15,-23,-27,-2,6
NZ,New Zealand,,,,,,ChIJh5Z3Fw4gLG0RM0dqdeIY1rE,23/7/21,18,14,-18,-28,-5,6
NZ,New Zealand,,,,,,ChIJh5Z3Fw4gLG0RM0dqdeIY1rE,24/7/21,20,12,4,-28,-2,4
NZ,New Zealand,,,,,,ChIJh5Z3Fw4gLG0RM0dqdeIY1rE,25/7/21,14,14,-26,-35,-5,5
NZ,New Zealand,,,,,,ChIJh5Z3Fw4gLG0RM0dqdeIY1rE,26/7/21,3,7,-32,-20,22,4
NZ,New Zealand,,,,,,ChIJh5Z3Fw4gLG0RM0dqdeIY1rE,27/7/21,5,10,-22,-24,9,4
NZ,New Zealand,,,,,,ChIJh5Z3Fw4gLG0RM0dqdeIY1rE,28/7/21,9,11,-13,-22,9,3
NZ,New Zealand,,,,,,ChIJh5Z3Fw4gLG0RM0dqdeIY1rE,29/7/21,10,12,-16,-21,13,3
NZ,New Zealand,,,,,,ChIJh5Z3Fw4gLG0RM0dqdeIY1rE,30/7/21,13,11,-22,-23,11,4
NZ,New Zealand,,,,,,ChIJh5Z3Fw4gLG0RM0dqdeIY1rE,31/7/21,20,13,9,-29,0,4
NZ,New Zealand,,,,,,ChIJh5Z3Fw4gLG0RM0dqdeIY1rE,1/8/21,14,12,-15,-34,-5,5
NZ,New Zealand,,,,,,ChIJh5Z3Fw4gLG0RM0dqdeIY1rE,2/8/21,5,8,-19,-19,25,2
NZ,New Zealand,,,,,,ChIJh5Z3Fw4gLG0RM0dqdeIY1rE,3/8/21,4,11,-25,-27,7,5
NZ,New Zealand,,,,,,ChIJh5Z3Fw4gLG0RM0dqdeIY1rE,4/8/21,9,12,-12,-23,9,3
NZ,New Zealand,,,,,,ChIJh5Z3Fw4gLG0RM0dqdeIY1rE,5/8/21,8,12,-27,-25,12,4
NZ,New Zealand,,,,,,ChIJh5Z3Fw4gLG0RM0dqdeIY1rE,6/8/21,10,11,-32,-28,10,5
NZ,New Zealand,,,,,,ChIJh5Z3Fw4gLG0RM0dqdeIY1rE,7/8/21,21,13,0,-29,0,4
NZ,New Zealand,,,,,,ChIJh5Z3Fw4gLG0RM0dqdeIY1rE,8/8/21,8,8,-42,-43,-6,7
NZ,New Zealand,,,,,,ChIJh5Z3Fw4gLG0RM0dqdeIY1rE,9/8/21,4,7,-29,-22,23,4
NZ,New Zealand,,,,,,ChIJh5Z3Fw4gLG0RM0dqdeIY1rE,10/8/21,9,12,-10,-25,8,4
NZ,New Zealand,,,,,,ChIJh5Z3Fw4gLG0RM0dqdeIY1rE,11/8/21,10,12,-11,-23,8,3
NZ,New Zealand,,,,,,ChIJh5Z3Fw4gLG0RM0dqdeIY1rE,12/8/21,11,14,-16,-23,12,3
NZ,New Zealand,,,,,,ChIJh5Z3Fw4gLG0RM0dqdeIY1rE,13/8/21,13,13,-28,-26,10,5
NZ,New Zealand,,,,,,ChIJh5Z3Fw4gLG0RM0dqdeIY1rE,14/8/21,22,14,4,-29,1,4
NZ,New Zealand,,,,,,ChIJh5Z3Fw4gLG0RM0dqdeIY1rE,15/8/21,17,13,-12,-34,-4,4
NZ,New Zealand,,,,,,ChIJh5Z3Fw4gLG0RM0dqdeIY1rE,16/8/21,6,9,-19,-19,23,2
NZ,New Zealand,,,,,,ChIJh5Z3Fw4gLG0RM0dqdeIY1rE,17/8/21,15,38,-25,-25,7,3
NZ,New Zealand,,,,,,ChIJh5Z3Fw4gLG0RM0dqdeIY1rE,18/8/21,-81,-21,-69,-75,-71,34
NZ,New Zealand,,,,,,ChIJh5Z3Fw4gLG0RM0dqdeIY1rE,19/8/21,-80,-11,-58,-78,-71,35
NZ,New Zealand,,,,,,ChIJh5Z3Fw4gLG0RM0dqdeIY1rE,20/8/21,-80,-11,-65,-85,-70,38
NZ,New Zealand,,,,,,ChIJh5Z3Fw4gLG0RM0dqdeIY1rE,21/8/21,-81,-21,-65,-83,-55,26
NZ,New Zealand,,,,,,ChIJh5Z3Fw4gLG0RM0dqdeIY1rE,22/8/21,-80,-25,-61,-84,-52,22
NZ,New Zealand,,,,,,ChIJh5Z3Fw4gLG0RM0dqdeIY1rE,23/8/21,-76,-11,-50,-82,-65,30
NZ,New Zealand,,,,,,ChIJh5Z3Fw4gLG0RM0dqdeIY1rE,24/8/21,-76,-5,-47,-83,-70,33
NZ,New Zealand,,,,,,ChIJh5Z3Fw4gLG0RM0dqdeIY1rE,25/8/21,-76,-5,-46,-82,-70,33
NZ,New Zealand,,,,,,ChIJh5Z3Fw4gLG0RM0dqdeIY1rE,26/8/21,-79,-5,-52,-82,-69,34
NZ,New Zealand,,,,,,ChIJh5Z3Fw4gLG0RM0dqdeIY1rE,27/8/21,-81,-8,-70,-85,-68,38
NZ,New Zealand,,,,,,ChIJh5Z3Fw4gLG0RM0dqdeIY1rE,28/8/21,-81,-17,-65,-82,-54,26
NZ,New Zealand,,,,,,ChIJh5Z3Fw4gLG0RM0dqdeIY1rE,29/8/21,-81,-22,-58,-81,-49,22
NZ,New Zealand,,,,,,ChIJh5Z3Fw4gLG0RM0dqdeIY1rE,30/8/21,-78,-13,-59,-82,-62,30
NZ,New Zealand,,,,,,ChIJh5Z3Fw4gLG0RM0dqdeIY1rE,31/8/21,-77,-4,-57,-83,-66,33
NZ,New Zealand,,,,,,ChIJh5Z3Fw4gLG0RM0dqdeIY1rE,1/9/21,-59,-1,-39,-75,-51,27
NZ,New Zealand,,,,,,ChIJh5Z3Fw4gLG0RM0dqdeIY1rE,2/9/21,-62,0,-34,-75,-49,27
NZ,New Zealand,,,,,,ChIJh5Z3Fw4gLG0RM0dqdeIY1rE,3/9/21,-62,2,-38,-76,-47,28
NZ,New Zealand,,,,,,ChIJh5Z3Fw4gLG0RM0dqdeIY1rE,4/9/21,-64,-4,-38,-73,-34,21
NZ,New Zealand,,,,,,ChIJh5Z3Fw4gLG0RM0dqdeIY1rE,5/9/21,-66,-12,-41,-76,-35,18
NZ,New Zealand,,,,,,ChIJh5Z3Fw4gLG0RM0dqdeIY1rE,6/9/21,-64,-11,-43,-75,-41,23
NZ,New Zealand,,,,,,ChIJh5Z3Fw4gLG0RM0dqdeIY1rE,7/9/21,-64,-7,-54,-78,-47,27
NZ,New Zealand,,,,,,ChIJh5Z3Fw4gLG0RM0dqdeIY1rE,8/9/21,-33,11,-51,-66,-37,22
NZ,New Zealand,,,,,,ChIJh5Z3Fw4gLG0RM0dqdeIY1rE,9/9/21,-33,14,-37,-61,-25,19
NZ,New Zealand,,,,,,ChIJh5Z3Fw4gLG0RM0dqdeIY1rE,10/9/21,-30,10,-46,-64,-24,20
NZ,New Zealand,,,,,,ChIJh5Z3Fw4gLG0RM0dqdeIY1rE,11/9/21,-26,6,-28,-58,-21,14
NZ,New Zealand,,,,,,ChIJh5Z3Fw4gLG0RM0dqdeIY1rE,12/9/21,-32,-1,-28,-62,-24,12
NZ,New Zealand,,,,,,ChIJh5Z3Fw4gLG0RM0dqdeIY1rE,13/9/21,-32,3,-36,-58,-13,15
NZ,New Zealand,,,,,,ChIJh5Z3Fw4gLG0RM0dqdeIY1rE,14/9/21,-29,10,-34,-59,-24,17
NZ,New Zealand,,,,,,ChIJh5Z3Fw4gLG0RM0dqdeIY1rE,15/9/21,-28,9,-36,-58,-24,17
NZ,New Zealand,,,,,,ChIJh5Z3Fw4gLG0RM0dqdeIY1rE,16/9/21,-30,7,-42,-58,-21,18
NZ,New Zealand,,,,,,ChIJh5Z3Fw4gLG0RM0dqdeIY1rE,17/9/21,-25,12,-36,-60,-21,18
NZ,New Zealand,,,,,,ChIJh5Z3Fw4gLG0RM0dqdeIY1rE,18/9/21,-21,7,-12,-59,-21,13
NZ,New Zealand,,,,,,ChIJh5Z3Fw4gLG0RM0dqdeIY1rE,19/9/21,-27,-3,-30,-64,-24,12
NZ,New Zealand,,,,,,ChIJh5Z3Fw4gLG0RM0dqdeIY1rE,20/9/21,-26,4,-23,-56,-11,13
NZ,New Zealand,,,,,,ChIJh5Z3Fw4gLG0RM0dqdeIY1rE,21/9/21,-25,9,-18,-58,-21,15
NZ,New Zealand,,,,,,ChIJh5Z3Fw4gLG0RM0dqdeIY1rE,22/9/21,-15,7,-31,-53,-13,13
NZ,New Zealand,,,,,,ChIJh5Z3Fw4gLG0RM0dqdeIY1rE,23/9/21,-17,9,-38,-54,-10,14
NZ,New Zealand,,,,,,ChIJh5Z3Fw4gLG0RM0dqdeIY1rE,24/9/21,-12,13,-27,-53,-10,13
NZ,New Zealand,,,,,,ChIJh5Z3Fw4gLG0RM0dqdeIY1rE,25/9/21,-11,10,-14,-54,-10,10
NZ,New Zealand,,,,,,ChIJh5Z3Fw4gLG0RM0dqdeIY1rE,26/9/21,-20,0,-33,-59,-17,11
NZ,New Zealand,,,,,,ChIJh5Z3Fw4gLG0RM0dqdeIY1rE,27/9/21,-18,5,-24,-49,0,10
NZ,New Zealand,,,,,,ChIJh5Z3Fw4gLG0RM0dqdeIY1rE,28/9/21,-15,11,-15,-52,-12,12
NZ,New Zealand,,,,,,ChIJh5Z3Fw4gLG0RM0dqdeIY1rE,29/9/21,-14,11,-21,-50,-12,11
NZ,New Zealand,,,,,,ChIJh5Z3Fw4gLG0RM0dqdeIY1rE,30/9/21,-15,11,-31,-51,-7,12